-- --------------------------------------------------------
-- Servidor:                     dalmirimoveis.imb.br
-- Versão do servidor:           5.6.32-78.1 - Percona Server (GPL), Release 78.1, Revision 8bb53b6
-- OS do Servidor:               Linux
-- HeidiSQL Versão:              9.4.0.5125
-- --------------------------------------------------------

/*!40101 SET @OLD_CHARACTER_SET_CLIENT=@@CHARACTER_SET_CLIENT */;
/*!40101 SET NAMES utf8 */;
/*!50503 SET NAMES utf8mb4 */;
/*!40014 SET @OLD_FOREIGN_KEY_CHECKS=@@FOREIGN_KEY_CHECKS, FOREIGN_KEY_CHECKS=0 */;
/*!40101 SET @OLD_SQL_MODE=@@SQL_MODE, SQL_MODE='NO_AUTO_VALUE_ON_ZERO' */;


-- Copiando estrutura do banco de dados para dalmi603_db
CREATE DATABASE IF NOT EXISTS `dalmi603_db` /*!40100 DEFAULT CHARACTER SET utf8 COLLATE utf8_unicode_ci */;
USE `dalmi603_db`;

-- Copiando estrutura para tabela dalmi603_db.bairros
CREATE TABLE IF NOT EXISTS `bairros` (
  `cod_bairro` int(11) NOT NULL AUTO_INCREMENT,
  `cod_cidade` int(11) DEFAULT '11',
  `descricao` varchar(255) DEFAULT NULL,
  PRIMARY KEY (`cod_bairro`)
) ENGINE=MyISAM AUTO_INCREMENT=72 DEFAULT CHARSET=utf8;

-- Copiando dados para a tabela dalmi603_db.bairros: 52 rows
DELETE FROM `bairros`;
/*!40000 ALTER TABLE `bairros` DISABLE KEYS */;
INSERT INTO `bairros` (`cod_bairro`, `cod_cidade`, `descricao`) VALUES
	(1, 1, 'GRAVATA'),
	(2, 1, 'Centro'),
	(3, 1, 'PONTAL'),
	(4, 1, 'SÃO DOMINGOS I '),
	(5, 2, 'SÃO mIGUEL'),
	(6, 3, 'Não Disponível '),
	(7, 1, 'SÃO DOMINGOS II'),
	(8, 1, 'SÃO PAULO '),
	(9, 1, 'NOSSA SENHORA DAS GRAÇAS '),
	(10, 1, 'MACHADOS '),
	(11, 1, 'VOLTA GRANDE'),
	(12, 1, 'PEDREIRAS '),
	(13, 1, 'MEIA PRAIA '),
	(14, 1, 'HUGO DE ALMEIDA '),
	(15, 2, 'GRAVATA DE PENHA'),
	(16, 2, 'SANTA LÍDIA '),
	(17, 2, 'SÃO CRISTÓVÃO'),
	(18, 2, 'SÃO NICOLAU'),
	(19, 2, 'ARMAÇÃO'),
	(20, 2, 'CENTRO'),
	(21, 2, 'NOSSA SENHORA DE FÁTIMA'),
	(22, 2, 'NÃO DISPONÍVEL '),
	(23, 2, 'NÃO DISPONÍVEL '),
	(24, 2, 'NÃO DISPONÍVEL '),
	(25, 2, 'NÃO DISPONÍVEL '),
	(26, 2, 'NÃO DISPONÍVEL '),
	(27, 2, 'NÃO DISPONÍVEL '),
	(28, 2, 'NÃO DISPONÍVEL '),
	(29, 2, 'NÃO DISPONÍVEL '),
	(30, 2, 'NÃO DISPONÍVEL '),
	(31, 2, 'NÃO DISPONÍVEL '),
	(32, 2, 'NÃO DISPONÍVEL '),
	(33, 2, 'NÃO DISPONÍVEL '),
	(34, 2, 'NÃO DISPONÍVEL '),
	(35, 2, 'NÃO DISPONÍVEL '),
	(42, 4, '.'),
	(43, 4, '.'),
	(44, 4, '.'),
	(58, 7, 'Não Disponível'),
	(59, 1, 'PORTO ESCALVADOS'),
	(60, 1, 'ESCALVADOS '),
	(61, 1, 'ESCALVADINHOS'),
	(62, 1, 'ESCALVÂNDIA'),
	(63, 1, 'PORTO DAS BALSAS '),
	(64, 2, 'NÃO DISPONÍVEL '),
	(65, 3, 'Não Disponível '),
	(66, 3, 'Não Disponível '),
	(67, 3, 'Não Disponível '),
	(68, 3, 'Não Disponível '),
	(69, 3, 'Não Disponível '),
	(70, 3, 'Não Disponível '),
	(71, 3, 'Não Disponível ');
/*!40000 ALTER TABLE `bairros` ENABLE KEYS */;

-- Copiando estrutura para tabela dalmi603_db.cidades
CREATE TABLE IF NOT EXISTS `cidades` (
  `cod_cidade` int(11) NOT NULL AUTO_INCREMENT,
  `nome_cidade` varchar(255) DEFAULT NULL,
  PRIMARY KEY (`cod_cidade`)
) ENGINE=MyISAM AUTO_INCREMENT=8 DEFAULT CHARSET=utf8;

-- Copiando dados para a tabela dalmi603_db.cidades: 7 rows
DELETE FROM `cidades`;
/*!40000 ALTER TABLE `cidades` DISABLE KEYS */;
INSERT INTO `cidades` (`cod_cidade`, `nome_cidade`) VALUES
	(1, 'NAVEGANTES'),
	(2, 'PENHA'),
	(3, 'Não Disponível '),
	(4, 'Não Disponível '),
	(5, 'Não Disponível '),
	(6, 'Não Disponível '),
	(7, 'Não Disponível ');
/*!40000 ALTER TABLE `cidades` ENABLE KEYS */;

-- Copiando estrutura para tabela dalmi603_db.diferencial_imovel
CREATE TABLE IF NOT EXISTS `diferencial_imovel` (
  `cod_diferencial` int(11) NOT NULL AUTO_INCREMENT,
  `descricao` varchar(255) DEFAULT NULL,
  PRIMARY KEY (`cod_diferencial`)
) ENGINE=MyISAM AUTO_INCREMENT=21 DEFAULT CHARSET=utf8;

-- Copiando dados para a tabela dalmi603_db.diferencial_imovel: 20 rows
DELETE FROM `diferencial_imovel`;
/*!40000 ALTER TABLE `diferencial_imovel` DISABLE KEYS */;
INSERT INTO `diferencial_imovel` (`cod_diferencial`, `descricao`) VALUES
	(1, 'AR CONDICIONADO '),
	(2, 'SUÍTE'),
	(3, 'LAVABO'),
	(4, 'SALA E COZINHA CONJUGADA '),
	(5, 'SACADA'),
	(6, 'SACADA COM CHURRASQUEIRA '),
	(7, 'CHURRASQUEIRA '),
	(8, 'GARAGEM COBERTA '),
	(9, 'PISCINA '),
	(10, 'AVERBADA '),
	(11, 'LAVANDERIA '),
	(12, 'ATERRADO'),
	(13, 'NÃO DISPONÍVEL '),
	(14, 'NÃO DISPONÍVEL '),
	(15, 'NÃO DISPONÍVEL '),
	(16, 'NÃO DISPONÍVEL '),
	(17, 'NÃO DISPONÍVEL '),
	(18, 'NÃO DISPONÍVEL '),
	(19, 'NÃO DISPONÍVEL '),
	(20, 'NÃO DISPONÍVEL ');
/*!40000 ALTER TABLE `diferencial_imovel` ENABLE KEYS */;

-- Copiando estrutura para tabela dalmi603_db.imagens
CREATE TABLE IF NOT EXISTS `imagens` (
  `cod_imagem` int(11) NOT NULL AUTO_INCREMENT,
  `caminho_img` varchar(500) DEFAULT NULL,
  `cod_imovel` int(11) DEFAULT NULL,
  `caminho_thumb` varchar(500) DEFAULT NULL,
  PRIMARY KEY (`cod_imagem`)
) ENGINE=MyISAM AUTO_INCREMENT=1189 DEFAULT CHARSET=utf8;

-- Copiando dados para a tabela dalmi603_db.imagens: 905 rows
DELETE FROM `imagens`;
/*!40000 ALTER TABLE `imagens` DISABLE KEYS */;
INSERT INTO `imagens` (`cod_imagem`, `caminho_img`, `cod_imovel`, `caminho_thumb`) VALUES
	(1, 'upload/018.JPG', 1, 'upload/018.JPG'),
	(2, 'upload/001.JPG', 1, 'upload/001.JPG'),
	(3, 'upload/002.JPG', 1, 'upload/002.JPG'),
	(4, 'upload/003.JPG', 1, 'upload/003.JPG'),
	(5, 'upload/005.JPG', 1, 'upload/005.JPG'),
	(6, 'upload/009.JPG', 1, 'upload/009.JPG'),
	(7, 'upload/011.JPG', 1, 'upload/011.JPG'),
	(8, 'upload/012.JPG', 1, 'upload/012.JPG'),
	(9, 'upload/013.JPG', 1, 'upload/013.JPG'),
	(10, 'upload/015.JPG', 1, 'upload/015.JPG'),
	(11, 'upload/017.JPG', 1, 'upload/017.JPG'),
	(12, 'upload/018.JPG', 1, 'upload/018.JPG'),
	(13, 'upload/020.JPG', 1, 'upload/020.JPG'),
	(14, 'upload/050.JPG', 2, 'upload/050.JPG'),
	(15, 'upload/032.JPG', 2, 'upload/032.JPG'),
	(16, 'upload/033.JPG', 2, 'upload/033.JPG'),
	(17, 'upload/034.JPG', 2, 'upload/034.JPG'),
	(18, 'upload/035.JPG', 2, 'upload/035.JPG'),
	(19, 'upload/037.JPG', 2, 'upload/037.JPG'),
	(20, 'upload/038.JPG', 2, 'upload/038.JPG'),
	(21, 'upload/039.JPG', 2, 'upload/039.JPG'),
	(22, 'upload/040.JPG', 2, 'upload/040.JPG'),
	(23, 'upload/041.JPG', 2, 'upload/041.JPG'),
	(24, 'upload/042.JPG', 2, 'upload/042.JPG'),
	(25, 'upload/043.JPG', 2, 'upload/043.JPG'),
	(26, 'upload/044.JPG', 2, 'upload/044.JPG'),
	(27, 'upload/045.JPG', 2, 'upload/045.JPG'),
	(28, 'upload/046.JPG', 2, 'upload/046.JPG'),
	(29, 'upload/047.JPG', 2, 'upload/047.JPG'),
	(30, 'upload/048.JPG', 2, 'upload/048.JPG'),
	(31, 'upload/DSC07168.JPG', 3, 'upload/DSC07168.JPG'),
	(32, 'upload/DSC07170.JPG', 3, 'upload/DSC07170.JPG'),
	(33, 'upload/DSC07163.JPG', 3, 'upload/DSC07163.JPG'),
	(34, 'upload/DSC07169.JPG', 3, 'upload/DSC07169.JPG'),
	(35, 'upload/DSC07172.JPG', 3, 'upload/DSC07172.JPG'),
	(36, 'upload/DSC07173.JPG', 3, 'upload/DSC07173.JPG'),
	(37, 'upload/DSC07174.JPG', 3, 'upload/DSC07174.JPG'),
	(38, 'upload/DSC07176.JPG', 3, 'upload/DSC07176.JPG'),
	(39, 'upload/ea1400161730.jpg', 4, 'upload/ea1400161730.jpg'),
	(40, 'upload/ea1400159570.jpg', 4, 'upload/ea1400159570.jpg'),
	(41, 'upload/ea1400159674.jpg', 4, 'upload/ea1400159674.jpg'),
	(42, 'upload/ea1400159788.jpg', 4, 'upload/ea1400159788.jpg'),
	(43, 'upload/ea1400159947.jpg', 4, 'upload/ea1400159947.jpg'),
	(44, 'upload/ea1400159999.jpg', 4, 'upload/ea1400159999.jpg'),
	(45, 'upload/ea1400160115.jpg', 4, 'upload/ea1400160115.jpg'),
	(46, 'upload/ea1400160285.jpg', 4, 'upload/ea1400160285.jpg'),
	(47, 'upload/ea1400160369.jpg', 4, 'upload/ea1400160369.jpg'),
	(48, 'upload/ea1400160440.jpg', 4, 'upload/ea1400160440.jpg'),
	(49, 'upload/ea1400160647.jpg', 4, 'upload/ea1400160647.jpg'),
	(50, 'upload/ea1400161171.jpg', 4, 'upload/ea1400161171.jpg'),
	(51, 'upload/ea1400161470.jpg', 4, 'upload/ea1400161470.jpg'),
	(52, 'upload/ea1400161515.jpg', 4, 'upload/ea1400161515.jpg'),
	(53, 'upload/ea1400161573.jpg', 4, 'upload/ea1400161573.jpg'),
	(54, 'upload/ea1400161775.jpg', 4, 'upload/ea1400161775.jpg'),
	(55, 'upload/463-132wwwwwwwwwwwwwwwwwwww.jpg', 5, 'upload/463-132wwwwwwwwwwwwwwwwwwww.jpg'),
	(56, 'upload/463-3.jpg', 5, 'upload/463-3.jpg'),
	(57, 'upload/473.jpg', 6, 'upload/473.jpg'),
	(58, 'upload/473.jpg', 8, 'upload/473.jpg'),
	(59, 'upload/231519d41bd62a23ac8dcdbc33a40437.jpg', 9, 'upload/231519d41bd62a23ac8dcdbc33a40437.jpg'),
	(60, 'upload/391b2081e88e4bae31df201dcc1f84a6.jpg', 9, 'upload/391b2081e88e4bae31df201dcc1f84a6.jpg'),
	(61, 'upload/92fcf094c8f197310aa8bb86e0047afe.jpg', 9, 'upload/92fcf094c8f197310aa8bb86e0047afe.jpg'),
	(62, 'upload/7bc00c86f4b62cddfc5f4648386ce1fa.jpg', 9, 'upload/7bc00c86f4b62cddfc5f4648386ce1fa.jpg'),
	(63, 'upload/06ab2326572fe2904b26882c5c908669.jpg', 9, 'upload/06ab2326572fe2904b26882c5c908669.jpg'),
	(64, 'upload/4dffb2bfd6c912bb656afbc64429b6cf.jpg', 9, 'upload/4dffb2bfd6c912bb656afbc64429b6cf.jpg'),
	(65, 'upload/239032aa135ae7470deea2187dcd23f9.jpg', 9, 'upload/239032aa135ae7470deea2187dcd23f9.jpg'),
	(66, 'upload/2708039d1587bf9628bde4548c0f2a0e.jpg', 9, 'upload/2708039d1587bf9628bde4548c0f2a0e.jpg'),
	(67, 'upload/481.jpg', 7, 'upload/481.jpg'),
	(68, 'upload/013.JPG', 10, 'upload/013.JPG'),
	(69, 'upload/015.JPG', 10, 'upload/015.JPG'),
	(70, 'upload/016.JPG', 10, 'upload/016.JPG'),
	(71, 'upload/017.JPG', 10, 'upload/017.JPG'),
	(72, 'upload/018.JPG', 10, 'upload/018.JPG'),
	(73, 'upload/019.JPG', 10, 'upload/019.JPG'),
	(74, 'upload/020.JPG', 10, 'upload/020.JPG'),
	(75, 'upload/021.JPG', 10, 'upload/021.JPG'),
	(76, 'upload/022.JPG', 10, 'upload/022.JPG'),
	(77, 'upload/024.JPG', 10, 'upload/024.JPG'),
	(78, 'upload/023.JPG', 10, 'upload/023.JPG'),
	(79, 'upload/026.JPG', 10, 'upload/026.JPG'),
	(80, 'upload/027.JPG', 10, 'upload/027.JPG'),
	(81, 'upload/028.JPG', 10, 'upload/028.JPG'),
	(82, 'upload/029.JPG', 10, 'upload/029.JPG'),
	(83, 'upload/030.JPG', 10, 'upload/030.JPG'),
	(84, 'upload/031.JPG', 10, 'upload/031.JPG'),
	(85, 'upload/032.JPG', 10, 'upload/032.JPG'),
	(86, 'upload/007.JPG', 11, 'upload/007.JPG'),
	(87, 'upload/008.JPG', 11, 'upload/008.JPG'),
	(88, 'upload/009.JPG', 11, 'upload/009.JPG'),
	(89, 'upload/010.JPG', 11, 'upload/010.JPG'),
	(90, 'upload/011.JPG', 11, 'upload/011.JPG'),
	(91, 'upload/012.JPG', 11, 'upload/012.JPG'),
	(92, 'upload/014.JPG', 11, 'upload/014.JPG'),
	(93, 'upload/015.JPG', 11, 'upload/015.JPG'),
	(94, 'upload/016 (2).JPG', 11, 'upload/016 (2).JPG'),
	(95, 'upload/016.JPG', 11, 'upload/016.JPG'),
	(96, 'upload/019.JPG', 11, 'upload/019.JPG'),
	(97, 'upload/023.JPG', 11, 'upload/023.JPG'),
	(98, 'upload/024.JPG', 11, 'upload/024.JPG'),
	(99, 'upload/025.JPG', 11, 'upload/025.JPG'),
	(100, 'upload/026.JPG', 11, 'upload/026.JPG'),
	(101, 'upload/027.JPG', 11, 'upload/027.JPG'),
	(102, 'upload/028.JPG', 11, 'upload/028.JPG'),
	(103, 'upload/029.JPG', 11, 'upload/029.JPG'),
	(104, 'upload/031.JPG', 11, 'upload/031.JPG'),
	(105, 'upload/032.JPG', 11, 'upload/032.JPG'),
	(106, 'upload/331.jpg', 12, 'upload/331.jpg'),
	(107, 'upload/331.jpg', 13, 'upload/331.jpg'),
	(108, 'upload/487.jpg', 14, 'upload/487.jpg'),
	(109, 'upload/489.jpg', 15, 'upload/489.jpg'),
	(110, 'upload/492.jpg', 16, 'upload/492.jpg'),
	(111, 'upload/519.jpg', 17, 'upload/519.jpg'),
	(112, 'upload/519a.jpg', 17, 'upload/519a.jpg'),
	(113, 'upload/519b.jpg', 17, 'upload/519b.jpg'),
	(114, 'upload/519.jpg', 18, 'upload/519.jpg'),
	(115, 'upload/519a.jpg', 18, 'upload/519a.jpg'),
	(116, 'upload/519b.jpg', 18, 'upload/519b.jpg'),
	(117, 'upload/521.jpg', 19, 'upload/521.jpg'),
	(118, 'upload/523a.jpg', 20, 'upload/523a.jpg'),
	(119, 'upload/531.jpg', 21, 'upload/531.jpg'),
	(127, 'upload/53233.jpg', 22, 'upload/53233.jpg'),
	(128, 'upload/533.jpg', 23, 'upload/533.jpg'),
	(129, 'upload/20161217_160511.jpg', 24, 'upload/20161217_160511.jpg'),
	(130, 'upload/20161217_160608.jpg', 24, 'upload/20161217_160608.jpg'),
	(131, 'upload/20161217_160647.jpg', 24, 'upload/20161217_160647.jpg'),
	(132, 'upload/20161217_160655.jpg', 24, 'upload/20161217_160655.jpg'),
	(133, 'upload/20161217_160705.jpg', 24, 'upload/20161217_160705.jpg'),
	(134, 'upload/20161217_160711.jpg', 24, 'upload/20161217_160711.jpg'),
	(135, 'upload/20161217_160742.jpg', 24, 'upload/20161217_160742.jpg'),
	(136, 'upload/20161217_160750.jpg', 24, 'upload/20161217_160750.jpg'),
	(137, 'upload/20161217_160818.jpg', 24, 'upload/20161217_160818.jpg'),
	(138, 'upload/20161217_161004.jpg', 24, 'upload/20161217_161004.jpg'),
	(139, 'upload/20161217_161120.jpg', 24, 'upload/20161217_161120.jpg'),
	(140, 'upload/20161217_161147.jpg', 24, 'upload/20161217_161147.jpg'),
	(141, 'upload/20161217_160511.jpg', 25, 'upload/20161217_160511.jpg'),
	(142, 'upload/20161217_160608.jpg', 25, 'upload/20161217_160608.jpg'),
	(143, 'upload/20161217_160647.jpg', 25, 'upload/20161217_160647.jpg'),
	(144, 'upload/20161217_160655.jpg', 25, 'upload/20161217_160655.jpg'),
	(145, 'upload/20161217_160705.jpg', 25, 'upload/20161217_160705.jpg'),
	(146, 'upload/20161217_160711.jpg', 25, 'upload/20161217_160711.jpg'),
	(147, 'upload/20161217_160742.jpg', 25, 'upload/20161217_160742.jpg'),
	(148, 'upload/20161217_160750.jpg', 25, 'upload/20161217_160750.jpg'),
	(149, 'upload/20161217_160818.jpg', 25, 'upload/20161217_160818.jpg'),
	(150, 'upload/20161217_161004.jpg', 25, 'upload/20161217_161004.jpg'),
	(151, 'upload/20161217_161120.jpg', 25, 'upload/20161217_161120.jpg'),
	(152, 'upload/20161217_161147.jpg', 25, 'upload/20161217_161147.jpg'),
	(153, 'upload/535.jpg', 26, 'upload/535.jpg'),
	(154, 'upload/535.jpg', 27, 'upload/535.jpg'),
	(155, 'upload/536.jpg', 28, 'upload/536.jpg'),
	(156, 'upload/undefined', 28, 'upload/undefined'),
	(157, 'upload/undefined', 28, 'upload/undefined'),
	(158, 'upload/undefined', 28, 'upload/undefined'),
	(159, 'upload/undefined', 28, 'upload/undefined'),
	(160, 'upload/undefined', 28, 'upload/undefined'),
	(161, 'upload/undefined', 28, 'upload/undefined'),
	(162, 'upload/undefined', 28, 'upload/undefined'),
	(163, 'upload/undefined', 28, 'upload/undefined'),
	(164, 'upload/undefined', 28, 'upload/undefined'),
	(165, 'upload/undefined', 28, 'upload/undefined'),
	(166, 'upload/undefined', 28, 'upload/undefined'),
	(167, 'upload/undefined', 28, 'upload/undefined'),
	(168, 'upload/undefined', 28, 'upload/undefined'),
	(169, 'upload/undefined', 28, 'upload/undefined'),
	(170, 'upload/undefined', 28, 'upload/undefined'),
	(171, 'upload/undefined', 28, 'upload/undefined'),
	(172, 'upload/537.jpg', 29, 'upload/537.jpg'),
	(173, 'upload/537.jpg', 30, 'upload/537.jpg'),
	(174, 'upload/churrasqueira - Cópia.JPG', 31, 'upload/churrasqueira - Cópia.JPG'),
	(175, 'upload/20170106_190706.jpg', 32, 'upload/20170106_190706.jpg'),
	(176, 'upload/007.JPG', 33, 'upload/007.JPG'),
	(177, 'upload/008.JPG', 33, 'upload/008.JPG'),
	(178, 'upload/009.JPG', 33, 'upload/009.JPG'),
	(179, 'upload/010.JPG', 33, 'upload/010.JPG'),
	(180, 'upload/012.JPG', 33, 'upload/012.JPG'),
	(181, 'upload/014.JPG', 33, 'upload/014.JPG'),
	(182, 'upload/016 (2).JPG', 33, 'upload/016 (2).JPG'),
	(183, 'upload/016.JPG', 33, 'upload/016.JPG'),
	(184, 'upload/019.JPG', 33, 'upload/019.JPG'),
	(185, 'upload/023.JPG', 33, 'upload/023.JPG'),
	(186, 'upload/024.JPG', 33, 'upload/024.JPG'),
	(187, 'upload/025.JPG', 33, 'upload/025.JPG'),
	(188, 'upload/026.JPG', 33, 'upload/026.JPG'),
	(189, 'upload/027.JPG', 33, 'upload/027.JPG'),
	(190, 'upload/029.JPG', 33, 'upload/029.JPG'),
	(191, 'upload/030.JPG', 33, 'upload/030.JPG'),
	(192, 'upload/031.JPG', 33, 'upload/031.JPG'),
	(193, 'upload/017.JPG', 34, 'upload/017.JPG'),
	(194, 'upload/018.JPG', 34, 'upload/018.JPG'),
	(195, 'upload/019.JPG', 34, 'upload/019.JPG'),
	(196, 'upload/021.JPG', 34, 'upload/021.JPG'),
	(197, 'upload/001.JPG', 34, 'upload/001.JPG'),
	(198, 'upload/002.JPG', 34, 'upload/002.JPG'),
	(199, 'upload/003.JPG', 34, 'upload/003.JPG'),
	(200, 'upload/004.JPG', 34, 'upload/004.JPG'),
	(201, 'upload/005.JPG', 34, 'upload/005.JPG'),
	(202, 'upload/007.JPG', 34, 'upload/007.JPG'),
	(203, 'upload/008.JPG', 34, 'upload/008.JPG'),
	(204, 'upload/009.JPG', 34, 'upload/009.JPG'),
	(205, 'upload/011.JPG', 34, 'upload/011.JPG'),
	(206, 'upload/012.JPG', 34, 'upload/012.JPG'),
	(207, 'upload/013.JPG', 34, 'upload/013.JPG'),
	(208, 'upload/015.JPG', 34, 'upload/015.JPG'),
	(209, 'upload/014.JPG', 34, 'upload/014.JPG'),
	(210, 'upload/undefined', 34, 'upload/undefined'),
	(211, 'upload/025.JPG', 35, 'upload/025.JPG'),
	(212, 'upload/021.JPG', 35, 'upload/021.JPG'),
	(213, 'upload/020.JPG', 35, 'upload/020.JPG'),
	(214, 'upload/019.JPG', 35, 'upload/019.JPG'),
	(215, 'upload/018.JPG', 35, 'upload/018.JPG'),
	(216, 'upload/017.JPG', 35, 'upload/017.JPG'),
	(217, 'upload/016.JPG', 35, 'upload/016.JPG'),
	(218, 'upload/015.JPG', 35, 'upload/015.JPG'),
	(219, 'upload/014.JPG', 35, 'upload/014.JPG'),
	(220, 'upload/013.JPG', 35, 'upload/013.JPG'),
	(221, 'upload/012.JPG', 35, 'upload/012.JPG'),
	(222, 'upload/010.JPG', 35, 'upload/010.JPG'),
	(223, 'upload/009.JPG', 35, 'upload/009.JPG'),
	(224, 'upload/008.JPG', 35, 'upload/008.JPG'),
	(225, 'upload/007.JPG', 35, 'upload/007.JPG'),
	(226, 'upload/006.JPG', 35, 'upload/006.JPG'),
	(227, 'upload/005.JPG', 35, 'upload/005.JPG'),
	(228, 'upload/003.JPG', 35, 'upload/003.JPG'),
	(229, 'upload/002.JPG', 35, 'upload/002.JPG'),
	(230, 'upload/001.JPG', 35, 'upload/001.JPG'),
	(1128, 'upload/7.jpg', 53, 'upload/7.jpg'),
	(1129, 'upload/8.jpg', 53, 'upload/8.jpg'),
	(1127, 'upload/fgdf (7).jpg', 53, 'upload/fgdf (7).jpg'),
	(1126, 'upload/fgdf (32).jpg', 53, 'upload/fgdf (32).jpg'),
	(1125, 'upload/fgdf (16).JPG', 53, 'upload/fgdf (16).JPG'),
	(1064, 'upload/1.JPG', 36, 'upload/1.JPG'),
	(1062, 'upload/8.JPG', 36, 'upload/8.JPG'),
	(1063, 'upload/9.JPG', 36, 'upload/9.JPG'),
	(1060, 'upload/6.JPG', 36, 'upload/6.JPG'),
	(1061, 'upload/7.JPG', 36, 'upload/7.JPG'),
	(1058, 'upload/4.JPG', 36, 'upload/4.JPG'),
	(1059, 'upload/5.JPG', 36, 'upload/5.JPG'),
	(249, 'upload/014.JPG', 37, 'upload/014.JPG'),
	(250, 'upload/013.JPG', 37, 'upload/013.JPG'),
	(251, 'upload/015.JPG', 37, 'upload/015.JPG'),
	(252, 'upload/016.JPG', 37, 'upload/016.JPG'),
	(253, 'upload/017.JPG', 37, 'upload/017.JPG'),
	(254, 'upload/018.JPG', 37, 'upload/018.JPG'),
	(255, 'upload/019 - Cópia.JPG', 37, 'upload/019 - Cópia.JPG'),
	(256, 'upload/020 - Cópia.JPG', 37, 'upload/020 - Cópia.JPG'),
	(257, 'upload/021.JPG', 37, 'upload/021.JPG'),
	(258, 'upload/022 - Cópia.JPG', 37, 'upload/022 - Cópia.JPG'),
	(259, 'upload/023.JPG', 37, 'upload/023.JPG'),
	(260, 'upload/024.JPG', 37, 'upload/024.JPG'),
	(261, 'upload/026.JPG', 37, 'upload/026.JPG'),
	(262, 'upload/027.JPG', 37, 'upload/027.JPG'),
	(263, 'upload/028.JPG', 37, 'upload/028.JPG'),
	(264, 'upload/029.JPG', 37, 'upload/029.JPG'),
	(265, 'upload/031.JPG', 37, 'upload/031.JPG'),
	(1135, 'upload/3.JPG', 71, 'upload/3.JPG'),
	(1134, 'upload/2.JPG', 71, 'upload/2.JPG'),
	(1131, 'upload/fgdf (9).jpg', 53, 'upload/fgdf (9).jpg'),
	(1130, 'upload/9.jpg', 53, 'upload/9.jpg'),
	(1124, 'upload/fgdf (18).jpg', 53, 'upload/fgdf (18).jpg'),
	(1123, 'upload/fgdf (5).jpg', 53, 'upload/fgdf (5).jpg'),
	(1074, 'upload/1.jpg', 38, 'upload/1.jpg'),
	(1073, 'upload/9.jpg', 38, 'upload/9.jpg'),
	(1072, 'upload/8.jpg', 38, 'upload/8.jpg'),
	(1071, 'upload/7.jpg', 38, 'upload/7.jpg'),
	(1070, 'upload/6.jpg', 38, 'upload/6.jpg'),
	(1069, 'upload/5.jpg', 38, 'upload/5.jpg'),
	(1068, 'upload/4.jpg', 38, 'upload/4.jpg'),
	(1067, 'upload/3.jpg', 38, 'upload/3.jpg'),
	(1066, 'upload/2.jpg', 38, 'upload/2.jpg'),
	(1065, 'upload/1.jpg', 38, 'upload/1.jpg'),
	(285, 'upload/DSC07166.JPG', 39, 'upload/DSC07166.JPG'),
	(286, 'upload/DSC07163.JPG', 39, 'upload/DSC07163.JPG'),
	(287, 'upload/DSC07164.JPG', 39, 'upload/DSC07164.JPG'),
	(288, 'upload/DSC07165.JPG', 39, 'upload/DSC07165.JPG'),
	(289, 'upload/DSC07167.JPG', 39, 'upload/DSC07167.JPG'),
	(290, 'upload/DSC07168.JPG', 39, 'upload/DSC07168.JPG'),
	(291, 'upload/DSC07169.JPG', 39, 'upload/DSC07169.JPG'),
	(292, 'upload/DSC07170.JPG', 39, 'upload/DSC07170.JPG'),
	(293, 'upload/DSC07171.JPG', 39, 'upload/DSC07171.JPG'),
	(294, 'upload/DSC07172.JPG', 39, 'upload/DSC07172.JPG'),
	(295, 'upload/DSC07173.JPG', 39, 'upload/DSC07173.JPG'),
	(296, 'upload/DSC07174.JPG', 39, 'upload/DSC07174.JPG'),
	(297, 'upload/DSC07176.JPG', 39, 'upload/DSC07176.JPG'),
	(298, 'upload/231519d41bd62a23ac8dcdbc33a40437.jpg', 40, 'upload/231519d41bd62a23ac8dcdbc33a40437.jpg'),
	(299, 'upload/2708039d1587bf9628bde4548c0f2a0e.jpg', 40, 'upload/2708039d1587bf9628bde4548c0f2a0e.jpg'),
	(300, 'upload/239032aa135ae7470deea2187dcd23f9.jpg', 40, 'upload/239032aa135ae7470deea2187dcd23f9.jpg'),
	(301, 'upload/391b2081e88e4bae31df201dcc1f84a6.jpg', 40, 'upload/391b2081e88e4bae31df201dcc1f84a6.jpg'),
	(302, 'upload/92fcf094c8f197310aa8bb86e0047afe.jpg', 40, 'upload/92fcf094c8f197310aa8bb86e0047afe.jpg'),
	(303, 'upload/26e9c7cf1d8f132495c7cc1f59a8d691.jpg', 40, 'upload/26e9c7cf1d8f132495c7cc1f59a8d691.jpg'),
	(304, 'upload/7bc00c86f4b62cddfc5f4648386ce1fa.jpg', 40, 'upload/7bc00c86f4b62cddfc5f4648386ce1fa.jpg'),
	(305, 'upload/06ab2326572fe2904b26882c5c908669.jpg', 40, 'upload/06ab2326572fe2904b26882c5c908669.jpg'),
	(306, 'upload/4dffb2bfd6c912bb656afbc64429b6cf.jpg', 40, 'upload/4dffb2bfd6c912bb656afbc64429b6cf.jpg'),
	(1112, 'upload/2.jpg', 49, 'upload/2.jpg'),
	(1111, 'upload/9.jpg', 49, 'upload/9.jpg'),
	(553, 'upload/Ref 228.jpg', 82, 'upload/Ref 228.jpg'),
	(552, 'upload/DSC07402.JPG', 81, 'upload/DSC07402.JPG'),
	(551, 'upload/ref 199.jpg', 80, 'upload/ref 199.jpg'),
	(550, 'upload/Sem título.png', 79, 'upload/Sem título.png'),
	(549, 'upload/ref 227.jpg', 78, 'upload/ref 227.jpg'),
	(548, 'upload/Sem título.png', 77, 'upload/Sem título.png'),
	(547, 'upload/023.JPG', 41, 'upload/023.JPG'),
	(323, 'upload/IMG_20160916_102654369.jpg', 42, 'upload/IMG_20160916_102654369.jpg'),
	(324, 'upload/IMG_20160916_102711943.jpg', 42, 'upload/IMG_20160916_102711943.jpg'),
	(325, 'upload/IMG_20160916_102718801.jpg', 42, 'upload/IMG_20160916_102718801.jpg'),
	(326, 'upload/IMG_20160916_102730562.jpg', 42, 'upload/IMG_20160916_102730562.jpg'),
	(327, 'upload/IMG_20160916_102757398.jpg', 42, 'upload/IMG_20160916_102757398.jpg'),
	(328, 'upload/IMG_20160916_102822897.jpg', 42, 'upload/IMG_20160916_102822897.jpg'),
	(329, 'upload/IMG_20160916_102830874.jpg', 42, 'upload/IMG_20160916_102830874.jpg'),
	(330, 'upload/IMG_20160916_102837994.jpg', 42, 'upload/IMG_20160916_102837994.jpg'),
	(331, 'upload/IMG_20160916_102851330.jpg', 42, 'upload/IMG_20160916_102851330.jpg'),
	(332, 'upload/IMG_20160916_102925749.jpg', 42, 'upload/IMG_20160916_102925749.jpg'),
	(333, 'upload/IMG_20160916_102938959.jpg', 42, 'upload/IMG_20160916_102938959.jpg'),
	(334, 'upload/IMG_20160916_102956424 - Copiar.jpg', 42, 'upload/IMG_20160916_102956424 - Copiar.jpg'),
	(335, 'upload/IMG_20160916_103023046 - Copiar.jpg', 42, 'upload/IMG_20160916_103023046 - Copiar.jpg'),
	(336, 'upload/IMG_20161218_100004534.jpg', 43, 'upload/IMG_20161218_100004534.jpg'),
	(337, 'upload/IMG_20161220_105640886.jpg', 43, 'upload/IMG_20161220_105640886.jpg'),
	(338, 'upload/IMG_20161218_100027700.jpg', 43, 'upload/IMG_20161218_100027700.jpg'),
	(339, 'upload/IMG_20161218_095917009.jpg', 43, 'upload/IMG_20161218_095917009.jpg'),
	(340, 'upload/IMG_20161218_100003589.jpg', 43, 'upload/IMG_20161218_100003589.jpg'),
	(341, 'upload/IMG_20161218_095910744 - Cópia.jpg', 43, 'upload/IMG_20161218_095910744 - Cópia.jpg'),
	(342, 'upload/IMG_20161218_095908090.jpg', 43, 'upload/IMG_20161218_095908090.jpg'),
	(343, 'upload/IMG_20161218_095848541.jpg', 43, 'upload/IMG_20161218_095848541.jpg'),
	(344, 'upload/IMG_20161218_095839781.jpg', 43, 'upload/IMG_20161218_095839781.jpg'),
	(345, 'upload/IMG_20161218_095818385.jpg', 43, 'upload/IMG_20161218_095818385.jpg'),
	(346, 'upload/IMG_20161218_095757851.jpg', 43, 'upload/IMG_20161218_095757851.jpg'),
	(347, 'upload/IMG_20161218_095719392.jpg', 43, 'upload/IMG_20161218_095719392.jpg'),
	(348, 'upload/IMG_20161218_095713643.jpg', 43, 'upload/IMG_20161218_095713643.jpg'),
	(349, 'upload/IMG_20161218_095710103.jpg', 43, 'upload/IMG_20161218_095710103.jpg'),
	(350, 'upload/IMG_20161218_095659143.jpg', 43, 'upload/IMG_20161218_095659143.jpg'),
	(351, 'upload/IMG_20161218_095650872.jpg', 43, 'upload/IMG_20161218_095650872.jpg'),
	(352, 'upload/IMG_20161218_095632448.jpg', 43, 'upload/IMG_20161218_095632448.jpg'),
	(353, 'upload/IMG_20161218_095622867.jpg', 43, 'upload/IMG_20161218_095622867.jpg'),
	(354, 'upload/IMG_20161218_095620311.jpg', 43, 'upload/IMG_20161218_095620311.jpg'),
	(355, 'upload/20161217_160511.jpg', 44, 'upload/20161217_160511.jpg'),
	(356, 'upload/20161216_114315 - Cópia.jpg', 44, 'upload/20161216_114315 - Cópia.jpg'),
	(357, 'upload/20161217_160515 - Cópia.jpg', 44, 'upload/20161217_160515 - Cópia.jpg'),
	(358, 'upload/20161217_160541 - Cópia.jpg', 44, 'upload/20161217_160541 - Cópia.jpg'),
	(359, 'upload/20161217_160547 - Cópia.jpg', 44, 'upload/20161217_160547 - Cópia.jpg'),
	(360, 'upload/20161217_160601.jpg', 44, 'upload/20161217_160601.jpg'),
	(361, 'upload/20161217_160608 - Cópia.jpg', 44, 'upload/20161217_160608 - Cópia.jpg'),
	(362, 'upload/20161217_160617.jpg', 44, 'upload/20161217_160617.jpg'),
	(363, 'upload/20161217_160647.jpg', 44, 'upload/20161217_160647.jpg'),
	(364, 'upload/20161217_160655 - Cópia.jpg', 44, 'upload/20161217_160655 - Cópia.jpg'),
	(365, 'upload/20161217_160705.jpg', 44, 'upload/20161217_160705.jpg'),
	(366, 'upload/20161217_160711 - Cópia.jpg', 44, 'upload/20161217_160711 - Cópia.jpg'),
	(367, 'upload/20161217_160742.jpg', 44, 'upload/20161217_160742.jpg'),
	(368, 'upload/20161217_160750.jpg', 44, 'upload/20161217_160750.jpg'),
	(369, 'upload/20161217_160818.jpg', 44, 'upload/20161217_160818.jpg'),
	(370, 'upload/20161217_160831 - Cópia.jpg', 44, 'upload/20161217_160831 - Cópia.jpg'),
	(371, 'upload/20161217_160906 - Cópia.jpg', 44, 'upload/20161217_160906 - Cópia.jpg'),
	(372, 'upload/20161217_161004.jpg', 44, 'upload/20161217_161004.jpg'),
	(373, 'upload/20161217_161120(0).jpg', 44, 'upload/20161217_161120(0).jpg'),
	(374, 'upload/20161217_161120.jpg', 44, 'upload/20161217_161120.jpg'),
	(375, 'upload/20161224_130312.jpg', 45, 'upload/20161224_130312.jpg'),
	(376, 'upload/20161224_115349.jpg', 45, 'upload/20161224_115349.jpg'),
	(377, 'upload/20161224_115404.jpg', 45, 'upload/20161224_115404.jpg'),
	(378, 'upload/20161224_115441.jpg', 45, 'upload/20161224_115441.jpg'),
	(379, 'upload/20161224_115506(0).jpg', 45, 'upload/20161224_115506(0).jpg'),
	(380, 'upload/20161224_115506.jpg', 45, 'upload/20161224_115506.jpg'),
	(381, 'upload/20161224_115523.jpg', 45, 'upload/20161224_115523.jpg'),
	(382, 'upload/20161224_115552.jpg', 45, 'upload/20161224_115552.jpg'),
	(383, 'upload/20161224_115607.jpg', 45, 'upload/20161224_115607.jpg'),
	(384, 'upload/20161224_115647.jpg', 45, 'upload/20161224_115647.jpg'),
	(385, 'upload/20161224_115705.jpg', 45, 'upload/20161224_115705.jpg'),
	(386, 'upload/20161224_115759(0).jpg', 45, 'upload/20161224_115759(0).jpg'),
	(387, 'upload/20161224_115759.jpg', 45, 'upload/20161224_115759.jpg'),
	(388, 'upload/20161224_115812.jpg', 45, 'upload/20161224_115812.jpg'),
	(389, 'upload/20161224_115937.jpg', 45, 'upload/20161224_115937.jpg'),
	(390, 'upload/20161224_115946.jpg', 45, 'upload/20161224_115946.jpg'),
	(391, 'upload/20161224_120001.jpg', 45, 'upload/20161224_120001.jpg'),
	(392, 'upload/20161224_120016.jpg', 45, 'upload/20161224_120016.jpg'),
	(393, 'upload/20161224_120055.jpg', 45, 'upload/20161224_120055.jpg'),
	(394, 'upload/20161224_120131.jpg', 45, 'upload/20161224_120131.jpg'),
	(395, 'upload/20161224_120150(0).jpg', 45, 'upload/20161224_120150(0).jpg'),
	(396, 'upload/20161224_120205.jpg', 45, 'upload/20161224_120205.jpg'),
	(397, 'upload/20161224_130312.jpg', 45, 'upload/20161224_130312.jpg'),
	(398, 'upload/20161224_130321.jpg', 45, 'upload/20161224_130321.jpg'),
	(399, 'upload/20170206_110501.jpg', 46, 'upload/20170206_110501.jpg'),
	(400, 'upload/20170206_105955.jpg', 46, 'upload/20170206_105955.jpg'),
	(401, 'upload/20170206_110011.jpg', 46, 'upload/20170206_110011.jpg'),
	(402, 'upload/20170206_110039.jpg', 46, 'upload/20170206_110039.jpg'),
	(403, 'upload/20170206_110048.jpg', 46, 'upload/20170206_110048.jpg'),
	(404, 'upload/20170206_110101.jpg', 46, 'upload/20170206_110101.jpg'),
	(405, 'upload/20170206_110109.jpg', 46, 'upload/20170206_110109.jpg'),
	(406, 'upload/20170206_110114.jpg', 46, 'upload/20170206_110114.jpg'),
	(407, 'upload/20170206_110120.jpg', 46, 'upload/20170206_110120.jpg'),
	(408, 'upload/20170206_110127.jpg', 46, 'upload/20170206_110127.jpg'),
	(409, 'upload/20170206_110151.jpg', 46, 'upload/20170206_110151.jpg'),
	(410, 'upload/20170206_110157.jpg', 46, 'upload/20170206_110157.jpg'),
	(411, 'upload/20170206_110209.jpg', 46, 'upload/20170206_110209.jpg'),
	(412, 'upload/20170206_110235.jpg', 46, 'upload/20170206_110235.jpg'),
	(413, 'upload/20170206_110252.jpg', 46, 'upload/20170206_110252.jpg'),
	(414, 'upload/20170206_110325.jpg', 46, 'upload/20170206_110325.jpg'),
	(415, 'upload/20170206_110353.jpg', 46, 'upload/20170206_110353.jpg'),
	(416, 'upload/20170206_110412.jpg', 46, 'upload/20170206_110412.jpg'),
	(417, 'upload/20170206_110426.jpg', 46, 'upload/20170206_110426.jpg'),
	(418, 'upload/20170206_110604.jpg', 46, 'upload/20170206_110604.jpg'),
	(419, 'upload/20170206_110620.jpg', 46, 'upload/20170206_110620.jpg'),
	(1121, 'upload/G (8).JPG', 52, 'upload/G (8).JPG'),
	(1120, 'upload/G (9).JPG', 52, 'upload/G (9).JPG'),
	(1119, 'upload/G (7).JPG', 52, 'upload/G (7).JPG'),
	(1118, 'upload/G (4).JPG', 52, 'upload/G (4).JPG'),
	(1117, 'upload/G (2).JPG', 52, 'upload/G (2).JPG'),
	(1116, 'upload/G (1).JPG', 52, 'upload/G (1).JPG'),
	(1084, 'upload/1.JPG', 47, 'upload/1.JPG'),
	(1083, 'upload/9.JPG', 47, 'upload/9.JPG'),
	(1082, 'upload/8.JPG', 47, 'upload/8.JPG'),
	(1081, 'upload/7.JPG', 47, 'upload/7.JPG'),
	(1080, 'upload/6.JPG', 47, 'upload/6.JPG'),
	(1079, 'upload/5.JPG', 47, 'upload/5.JPG'),
	(1078, 'upload/4.JPG', 47, 'upload/4.JPG'),
	(1077, 'upload/3.JPG', 47, 'upload/3.JPG'),
	(1076, 'upload/2.JPG', 47, 'upload/2.JPG'),
	(1075, 'upload/1.JPG', 47, 'upload/1.JPG'),
	(824, 'upload/r (27).JPG', 48, 'upload/r (27).JPG'),
	(823, 'upload/r (25).JPG', 48, 'upload/r (25).JPG'),
	(822, 'upload/r (23).JPG', 48, 'upload/r (23).JPG'),
	(821, 'upload/r (22).JPG', 48, 'upload/r (22).JPG'),
	(820, 'upload/r (19).JPG', 48, 'upload/r (19).JPG'),
	(819, 'upload/r (18).JPG', 48, 'upload/r (18).JPG'),
	(818, 'upload/r (17).JPG', 48, 'upload/r (17).JPG'),
	(817, 'upload/r (15).JPG', 48, 'upload/r (15).JPG'),
	(816, 'upload/r (14).JPG', 48, 'upload/r (14).JPG'),
	(815, 'upload/r (12).JPG', 48, 'upload/r (12).JPG'),
	(814, 'upload/r (11).JPG', 48, 'upload/r (11).JPG'),
	(813, 'upload/r (10).JPG', 48, 'upload/r (10).JPG'),
	(812, 'upload/r (9).JPG', 48, 'upload/r (9).JPG'),
	(811, 'upload/r (8).JPG', 48, 'upload/r (8).JPG'),
	(810, 'upload/r (7).JPG', 48, 'upload/r (7).JPG'),
	(809, 'upload/r (6).JPG', 48, 'upload/r (6).JPG'),
	(808, 'upload/r (5).JPG', 48, 'upload/r (5).JPG'),
	(807, 'upload/r (4).JPG', 48, 'upload/r (4).JPG'),
	(806, 'upload/r (3).JPG', 48, 'upload/r (3).JPG'),
	(805, 'upload/r (2).JPG', 48, 'upload/r (2).JPG'),
	(804, 'upload/r (1).JPG', 48, 'upload/r (1).JPG'),
	(803, 'upload/DSC03733.JPG', 48, 'upload/DSC03733.JPG'),
	(1109, 'upload/7.jpg', 49, 'upload/7.jpg'),
	(1113, 'upload/Sem título.png', 50, 'upload/Sem título.png'),
	(1114, 'upload/Sem título.png', 51, 'upload/Sem título.png'),
	(1115, 'upload/G (6).JPG', 52, 'upload/G (6).JPG'),
	(1122, 'upload/Sem título.png', 53, 'upload/Sem título.png'),
	(1132, 'upload/Sem título.png', 54, 'upload/Sem título.png'),
	(473, 'upload/11.png', 55, 'upload/11.png'),
	(474, 'upload/12.png', 56, 'upload/12.png'),
	(475, 'upload/13.png', 57, 'upload/13.png'),
	(476, 'upload/16.png', 58, 'upload/16.png'),
	(477, 'upload/20.png', 59, 'upload/20.png'),
	(478, 'upload/21.png', 60, 'upload/21.png'),
	(479, 'upload/30.png', 61, 'upload/30.png'),
	(480, 'upload/31.png', 62, 'upload/31.png'),
	(481, 'upload/32.png', 63, 'upload/32.png'),
	(482, 'upload/33.png', 64, 'upload/33.png'),
	(483, 'upload/40.png', 65, 'upload/40.png'),
	(484, 'upload/41.png', 66, 'upload/41.png'),
	(485, 'upload/42.png', 67, 'upload/42.png'),
	(486, 'upload/43.png', 68, 'upload/43.png'),
	(487, 'upload/44.png', 69, 'upload/44.png'),
	(488, 'upload/45.png', 70, 'upload/45.png'),
	(1133, 'upload/1.JPG', 71, 'upload/1.JPG'),
	(490, 'upload/47.png', 72, 'upload/47.png'),
	(491, 'upload/47.png', 73, 'upload/47.png'),
	(1143, 'upload/1.jpg', 74, 'upload/1.jpg'),
	(493, 'upload/52.png', 75, 'upload/52.png'),
	(1057, 'upload/3.JPG', 36, 'upload/3.JPG'),
	(1056, 'upload/2.JPG', 36, 'upload/2.JPG'),
	(546, 'upload/REF 506.jpg', 76, 'upload/REF 506.jpg'),
	(1110, 'upload/8.jpg', 49, 'upload/8.jpg'),
	(1108, 'upload/6.jpg', 49, 'upload/6.jpg'),
	(1107, 'upload/5.jpg', 49, 'upload/5.jpg'),
	(1106, 'upload/4.jpg', 49, 'upload/4.jpg'),
	(1105, 'upload/3.jpg', 49, 'upload/3.jpg'),
	(1104, 'upload/10.jpg', 49, 'upload/10.jpg'),
	(561, 'upload/019.JPG', 83, 'upload/019.JPG'),
	(562, 'upload/021.JPG', 83, 'upload/021.JPG'),
	(563, 'upload/015.JPG', 83, 'upload/015.JPG'),
	(564, 'upload/014.JPG', 83, 'upload/014.JPG'),
	(565, 'upload/012.JPG', 83, 'upload/012.JPG'),
	(566, 'upload/011.JPG', 83, 'upload/011.JPG'),
	(567, 'upload/008.JPG', 83, 'upload/008.JPG'),
	(568, 'upload/009.JPG', 83, 'upload/009.JPG'),
	(569, 'upload/O.JPG', 83, 'upload/O.JPG'),
	(570, 'upload/004.JPG', 83, 'upload/004.JPG'),
	(571, 'upload/G.JPG', 83, 'upload/G.JPG'),
	(572, 'upload/001.JPG', 83, 'upload/001.JPG'),
	(1177, 'upload/IMG_20170703_160439907.jpg', 152, 'upload/IMG_20170703_160439907.jpg'),
	(1162, 'upload/10.JPG', 84, 'upload/10.JPG'),
	(1161, 'upload/9.JPG', 84, 'upload/9.JPG'),
	(1160, 'upload/8.JPG', 84, 'upload/8.JPG'),
	(1159, 'upload/7.JPG', 84, 'upload/7.JPG'),
	(1158, 'upload/6.JPG', 84, 'upload/6.JPG'),
	(1157, 'upload/5.JPG', 84, 'upload/5.JPG'),
	(1156, 'upload/4.JPG', 84, 'upload/4.JPG'),
	(1155, 'upload/3.JPG', 84, 'upload/3.JPG'),
	(1154, 'upload/2.JPG', 84, 'upload/2.JPG'),
	(1153, 'upload/008.JPG', 84, 'upload/008.JPG'),
	(584, 'upload/013.JPG', 85, 'upload/013.JPG'),
	(585, 'upload/015.JPG', 85, 'upload/015.JPG'),
	(586, 'upload/Q (3).JPG', 85, 'upload/Q (3).JPG'),
	(587, 'upload/Q (2).JPG', 85, 'upload/Q (2).JPG'),
	(588, 'upload/Q (4).JPG', 85, 'upload/Q (4).JPG'),
	(589, 'upload/Q (7).JPG', 85, 'upload/Q (7).JPG'),
	(590, 'upload/Q (9).JPG', 85, 'upload/Q (9).JPG'),
	(591, 'upload/Q (10).JPG', 85, 'upload/Q (10).JPG'),
	(592, 'upload/Q (12).JPG', 85, 'upload/Q (12).JPG'),
	(593, 'upload/Q (13).JPG', 85, 'upload/Q (13).JPG'),
	(594, 'upload/Q (15).JPG', 85, 'upload/Q (15).JPG'),
	(595, 'upload/Q (18).JPG', 85, 'upload/Q (18).JPG'),
	(596, 'upload/Q (16).JPG', 85, 'upload/Q (16).JPG'),
	(597, 'upload/Q (20).JPG', 85, 'upload/Q (20).JPG'),
	(598, 'upload/REF 201.JPG', 86, 'upload/REF 201.JPG'),
	(599, 'upload/T.png', 87, 'upload/T.png'),
	(600, 'upload/U.png', 88, 'upload/U.png'),
	(601, 'upload/YYY.png', 89, 'upload/YYY.png'),
	(602, 'upload/YUYUY.png', 90, 'upload/YUYUY.png'),
	(603, 'upload/AAAAAAAA.png', 91, 'upload/AAAAAAAA.png'),
	(604, 'upload/BBBBBB.png', 92, 'upload/BBBBBB.png'),
	(605, 'upload/CCCC.png', 93, 'upload/CCCC.png'),
	(606, 'upload/P (1).jpg', 94, 'upload/P (1).jpg'),
	(607, 'upload/P (2).jpg', 94, 'upload/P (2).jpg'),
	(608, 'upload/P (3).jpg', 94, 'upload/P (3).jpg'),
	(609, 'upload/P (4).jpg', 94, 'upload/P (4).jpg'),
	(610, 'upload/P (7).jpg', 94, 'upload/P (7).jpg'),
	(611, 'upload/P (8).jpg', 94, 'upload/P (8).jpg'),
	(612, 'upload/P (9).jpg', 94, 'upload/P (9).jpg'),
	(613, 'upload/P (10).jpg', 94, 'upload/P (10).jpg'),
	(614, 'upload/P (12).jpg', 94, 'upload/P (12).jpg'),
	(615, 'upload/P (14).jpg', 94, 'upload/P (14).jpg'),
	(616, 'upload/HGHFGHFHGFR.png', 95, 'upload/HGHFGHFHGFR.png'),
	(617, 'upload/FFFFFFF.png', 96, 'upload/FFFFFFF.png'),
	(618, 'upload/ULTIMO.png', 97, 'upload/ULTIMO.png'),
	(619, 'upload/20170601_170105.jpg', 98, 'upload/20170601_170105.jpg'),
	(620, 'upload/20170601_170057.jpg', 98, 'upload/20170601_170057.jpg'),
	(621, 'upload/20170601_165927.jpg', 98, 'upload/20170601_165927.jpg'),
	(622, 'upload/20170601_170014.jpg', 98, 'upload/20170601_170014.jpg'),
	(623, 'upload/20170601_164957.jpg', 98, 'upload/20170601_164957.jpg'),
	(624, 'upload/20170601_165016.jpg', 98, 'upload/20170601_165016.jpg'),
	(625, 'upload/20170601_165042.jpg', 98, 'upload/20170601_165042.jpg'),
	(626, 'upload/20170601_164753.jpg', 98, 'upload/20170601_164753.jpg'),
	(627, 'upload/20170601_164736.jpg', 98, 'upload/20170601_164736.jpg'),
	(628, 'upload/20170601_164715.jpg', 98, 'upload/20170601_164715.jpg'),
	(629, 'upload/20170601_164638.jpg', 98, 'upload/20170601_164638.jpg'),
	(630, 'upload/20170601_164659.jpg', 98, 'upload/20170601_164659.jpg'),
	(631, 'upload/20170601_164630.jpg', 98, 'upload/20170601_164630.jpg'),
	(632, 'upload/20170601_164547.jpg', 98, 'upload/20170601_164547.jpg'),
	(633, 'upload/20170601_164459.jpg', 98, 'upload/20170601_164459.jpg'),
	(634, 'upload/20170601_164446.jpg', 98, 'upload/20170601_164446.jpg'),
	(635, 'upload/20170601_164428.jpg', 98, 'upload/20170601_164428.jpg'),
	(636, 'upload/20170601_164207.jpg', 98, 'upload/20170601_164207.jpg'),
	(637, 'upload/20170601_164156.jpg', 98, 'upload/20170601_164156.jpg'),
	(638, 'upload/20170601_163908.jpg', 98, 'upload/20170601_163908.jpg'),
	(639, 'upload/20170601_164133.jpg', 98, 'upload/20170601_164133.jpg'),
	(640, 'upload/20170601_163902.jpg', 98, 'upload/20170601_163902.jpg'),
	(641, 'upload/20170522_153021.jpg', 99, 'upload/20170522_153021.jpg'),
	(642, 'upload/20170522_150911.jpg', 99, 'upload/20170522_150911.jpg'),
	(643, 'upload/20170522_150851.jpg', 99, 'upload/20170522_150851.jpg'),
	(644, 'upload/20170522_151006.jpg', 99, 'upload/20170522_151006.jpg'),
	(645, 'upload/20170522_151015.jpg', 99, 'upload/20170522_151015.jpg'),
	(646, 'upload/20170522_151028.jpg', 99, 'upload/20170522_151028.jpg'),
	(647, 'upload/20170522_151037.jpg', 99, 'upload/20170522_151037.jpg'),
	(648, 'upload/20170522_151159.jpg', 99, 'upload/20170522_151159.jpg'),
	(649, 'upload/20170522_151204.jpg', 99, 'upload/20170522_151204.jpg'),
	(650, 'upload/20170522_151212.jpg', 99, 'upload/20170522_151212.jpg'),
	(651, 'upload/20170522_151221.jpg', 99, 'upload/20170522_151221.jpg'),
	(652, 'upload/20170522_151238.jpg', 99, 'upload/20170522_151238.jpg'),
	(653, 'upload/20170522_151309.jpg', 99, 'upload/20170522_151309.jpg'),
	(654, 'upload/20170522_151351.jpg', 99, 'upload/20170522_151351.jpg'),
	(655, 'upload/20170522_151512.jpg', 99, 'upload/20170522_151512.jpg'),
	(656, 'upload/20170522_151536.jpg', 99, 'upload/20170522_151536.jpg'),
	(657, 'upload/20170522_152740.jpg', 99, 'upload/20170522_152740.jpg'),
	(658, 'upload/20170522_152952.jpg', 99, 'upload/20170522_152952.jpg'),
	(659, 'upload/20170523_104558.jpg', 100, 'upload/20170523_104558.jpg'),
	(660, 'upload/20170523_104612.jpg', 100, 'upload/20170523_104612.jpg'),
	(967, 'upload/IMG_20170627_133047853.jpg', 101, 'upload/IMG_20170627_133047853.jpg'),
	(663, 'upload/20170117_150915.jpg', 102, 'upload/20170117_150915.jpg'),
	(664, 'upload/20170117_145602.jpg', 102, 'upload/20170117_145602.jpg'),
	(665, 'upload/20170117_145539.jpg', 102, 'upload/20170117_145539.jpg'),
	(666, 'upload/20170117_145450.jpg', 102, 'upload/20170117_145450.jpg'),
	(667, 'upload/20170117_145435.jpg', 102, 'upload/20170117_145435.jpg'),
	(668, 'upload/20170117_145415.jpg', 102, 'upload/20170117_145415.jpg'),
	(669, 'upload/20170117_145411.jpg', 102, 'upload/20170117_145411.jpg'),
	(670, 'upload/20170117_145359.jpg', 102, 'upload/20170117_145359.jpg'),
	(671, 'upload/20170117_145342.jpg', 102, 'upload/20170117_145342.jpg'),
	(672, 'upload/20170117_145321.jpg', 102, 'upload/20170117_145321.jpg'),
	(673, 'upload/20170117_145310.jpg', 102, 'upload/20170117_145310.jpg'),
	(674, 'upload/20170117_150459.jpg', 102, 'upload/20170117_150459.jpg'),
	(675, 'upload/20170117_150550.jpg', 102, 'upload/20170117_150550.jpg'),
	(676, 'upload/20170117_150958.jpg', 102, 'upload/20170117_150958.jpg'),
	(677, 'upload/20170515_162519.jpg', 103, 'upload/20170515_162519.jpg'),
	(678, 'upload/20170515_161645.jpg', 103, 'upload/20170515_161645.jpg'),
	(679, 'upload/20170515_161725.jpg', 103, 'upload/20170515_161725.jpg'),
	(680, 'upload/20170515_161811.jpg', 103, 'upload/20170515_161811.jpg'),
	(681, 'upload/20170515_161822.jpg', 103, 'upload/20170515_161822.jpg'),
	(682, 'upload/20170515_161903.jpg', 103, 'upload/20170515_161903.jpg'),
	(683, 'upload/20170515_161852.jpg', 103, 'upload/20170515_161852.jpg'),
	(684, 'upload/F (12).jpg', 103, 'upload/F (12).jpg'),
	(685, 'upload/F (14).jpg', 103, 'upload/F (14).jpg'),
	(686, 'upload/F (19).jpg', 103, 'upload/F (19).jpg'),
	(687, 'upload/F (20).jpg', 103, 'upload/F (20).jpg'),
	(688, 'upload/F (23).jpg', 103, 'upload/F (23).jpg'),
	(689, 'upload/F (24).jpg', 103, 'upload/F (24).jpg'),
	(690, 'upload/F (25).jpg', 103, 'upload/F (25).jpg'),
	(691, 'upload/IMG_20170516_093041360.jpg', 104, 'upload/IMG_20170516_093041360.jpg'),
	(692, 'upload/IMG_20170516_093325196.jpg', 105, 'upload/IMG_20170516_093325196.jpg'),
	(693, 'upload/IMG_20170516_093334280.jpg', 105, 'upload/IMG_20170516_093334280.jpg'),
	(694, 'upload/IMG_20170516_093340783.jpg', 105, 'upload/IMG_20170516_093340783.jpg'),
	(695, 'upload/IMG_20170516_093340783.jpg', 105, 'upload/IMG_20170516_093340783.jpg'),
	(696, 'upload/IMG_20170516_093350072.jpg', 105, 'upload/IMG_20170516_093350072.jpg'),
	(697, 'upload/IMG_20170516_093358009.jpg', 105, 'upload/IMG_20170516_093358009.jpg'),
	(698, 'upload/IMG_20170516_094051324.jpg', 105, 'upload/IMG_20170516_094051324.jpg'),
	(699, 'upload/IMG_20170516_094055651.jpg', 105, 'upload/IMG_20170516_094055651.jpg'),
	(700, 'upload/IMG_20170516_094100938.jpg', 105, 'upload/IMG_20170516_094100938.jpg'),
	(701, 'upload/IMG_20170516_094104409.jpg', 105, 'upload/IMG_20170516_094104409.jpg'),
	(702, 'upload/IMG_20170516_094109825.jpg', 105, 'upload/IMG_20170516_094109825.jpg'),
	(703, 'upload/IMG_20170516_094120955.jpg', 105, 'upload/IMG_20170516_094120955.jpg'),
	(704, 'upload/IMG_20170516_094127189.jpg', 105, 'upload/IMG_20170516_094127189.jpg'),
	(705, 'upload/IMG_20170516_094132626.jpg', 105, 'upload/IMG_20170516_094132626.jpg'),
	(706, 'upload/IMG_20170516_094135901.jpg', 105, 'upload/IMG_20170516_094135901.jpg'),
	(707, 'upload/IMG_20170516_094045593.jpg', 105, 'upload/IMG_20170516_094045593.jpg'),
	(708, 'upload/IMG_20170516_092812832.jpg', 106, 'upload/IMG_20170516_092812832.jpg'),
	(709, 'upload/IMG_20170516_092805260.jpg', 106, 'upload/IMG_20170516_092805260.jpg'),
	(710, 'upload/IMG_20170516_091031103.jpg', 107, 'upload/IMG_20170516_091031103.jpg'),
	(711, 'upload/IMG_20170516_091854129.jpg', 107, 'upload/IMG_20170516_091854129.jpg'),
	(712, 'upload/IMG_20170516_093207365.jpg', 108, 'upload/IMG_20170516_093207365.jpg'),
	(713, 'upload/IMG_20170516_093232223.jpg', 108, 'upload/IMG_20170516_093232223.jpg'),
	(714, 'upload/IMG_20170516_093240134.jpg', 108, 'upload/IMG_20170516_093240134.jpg'),
	(715, 'upload/IMG_20170516_093246628.jpg', 108, 'upload/IMG_20170516_093246628.jpg'),
	(716, 'upload/IMG_20170516_093831463.jpg', 109, 'upload/IMG_20170516_093831463.jpg'),
	(717, 'upload/IMG_20170516_093843204.jpg', 109, 'upload/IMG_20170516_093843204.jpg'),
	(718, 'upload/IMG_20170516_093848288.jpg', 109, 'upload/IMG_20170516_093848288.jpg'),
	(719, 'upload/IMG_20170516_093852051.jpg', 109, 'upload/IMG_20170516_093852051.jpg'),
	(720, 'upload/IMG_20170516_093855686.jpg', 109, 'upload/IMG_20170516_093855686.jpg'),
	(721, 'upload/IMG_20170516_093444856.jpg', 110, 'upload/IMG_20170516_093444856.jpg'),
	(722, 'upload/IMG_20170516_093500061.jpg', 110, 'upload/IMG_20170516_093500061.jpg'),
	(723, 'upload/IMG_20170516_093455433.jpg', 110, 'upload/IMG_20170516_093455433.jpg'),
	(724, 'upload/IMG_20170516_093504227.jpg', 110, 'upload/IMG_20170516_093504227.jpg'),
	(725, 'upload/IMG_20170516_094301112.jpg', 111, 'upload/IMG_20170516_094301112.jpg'),
	(726, 'upload/IMG_20170516_094314273.jpg', 111, 'upload/IMG_20170516_094314273.jpg'),
	(727, 'upload/IMG_20170516_094318669.jpg', 111, 'upload/IMG_20170516_094318669.jpg'),
	(728, 'upload/IMG_20170516_094333649.jpg', 111, 'upload/IMG_20170516_094333649.jpg'),
	(729, 'upload/IMG_20170516_094327701.jpg', 111, 'upload/IMG_20170516_094327701.jpg'),
	(730, 'upload/IMG_20170516_094340288.jpg', 111, 'upload/IMG_20170516_094340288.jpg'),
	(731, 'upload/IMG_20170516_094352066.jpg', 111, 'upload/IMG_20170516_094352066.jpg'),
	(732, 'upload/IMG_20170516_094356655.jpg', 111, 'upload/IMG_20170516_094356655.jpg'),
	(733, 'upload/IMG_20170516_094414569.jpg', 111, 'upload/IMG_20170516_094414569.jpg'),
	(734, 'upload/IMG_20170516_094424346.jpg', 111, 'upload/IMG_20170516_094424346.jpg'),
	(735, 'upload/IMG_20170516_094432230.jpg', 111, 'upload/IMG_20170516_094432230.jpg'),
	(736, 'upload/IMG_20170516_094441588_HDR.jpg', 111, 'upload/IMG_20170516_094441588_HDR.jpg'),
	(737, 'upload/IMG_20170516_094155564.jpg', 112, 'upload/IMG_20170516_094155564.jpg'),
	(738, 'upload/IMG_20170516_094159928.jpg', 112, 'upload/IMG_20170516_094159928.jpg'),
	(739, 'upload/IMG_20170516_094206285.jpg', 112, 'upload/IMG_20170516_094206285.jpg'),
	(740, 'upload/IMG_20170516_094212502.jpg', 112, 'upload/IMG_20170516_094212502.jpg'),
	(741, 'upload/IMG_20170516_094216136.jpg', 112, 'upload/IMG_20170516_094216136.jpg'),
	(742, 'upload/IMG_20170516_092826489.jpg', 113, 'upload/IMG_20170516_092826489.jpg'),
	(743, 'upload/IMG_20170516_092833512.jpg', 113, 'upload/IMG_20170516_092833512.jpg'),
	(744, 'upload/IMG_20170516_092742906.jpg', 114, 'upload/IMG_20170516_092742906.jpg'),
	(745, 'upload/IMG_20170516_092749294.jpg', 114, 'upload/IMG_20170516_092749294.jpg'),
	(746, 'upload/IMG_20170516_092955738.jpg', 115, 'upload/IMG_20170516_092955738.jpg'),
	(747, 'upload/IMG_20170516_093009165.jpg', 115, 'upload/IMG_20170516_093009165.jpg'),
	(748, 'upload/IMG_20170516_092841069.jpg', 116, 'upload/IMG_20170516_092841069.jpg'),
	(749, 'upload/IMG_20170516_092851536.jpg', 116, 'upload/IMG_20170516_092851536.jpg'),
	(750, 'upload/IMG_20170516_093716672.jpg', 117, 'upload/IMG_20170516_093716672.jpg'),
	(751, 'upload/IMG_20170516_093735935.jpg', 117, 'upload/IMG_20170516_093735935.jpg'),
	(752, 'upload/IMG_20170516_093740017.jpg', 117, 'upload/IMG_20170516_093740017.jpg'),
	(753, 'upload/IMG_20170516_093749494.jpg', 117, 'upload/IMG_20170516_093749494.jpg'),
	(754, 'upload/IMG_20170516_093753534.jpg', 117, 'upload/IMG_20170516_093753534.jpg'),
	(755, 'upload/IMG_20170516_093758713.jpg', 117, 'upload/IMG_20170516_093758713.jpg'),
	(756, 'upload/IMG_20170516_093111395.jpg', 118, 'upload/IMG_20170516_093111395.jpg'),
	(757, 'upload/IMG_20170516_093117797.jpg', 118, 'upload/IMG_20170516_093117797.jpg'),
	(758, 'upload/IMG_20170516_093257254.jpg', 119, 'upload/IMG_20170516_093257254.jpg'),
	(759, 'upload/IMG_20170516_093308620.jpg', 119, 'upload/IMG_20170516_093308620.jpg'),
	(760, 'upload/IMG_20170516_093315993.jpg', 119, 'upload/IMG_20170516_093315993.jpg'),
	(761, 'upload/IMG_20170516_093948577.jpg', 119, 'upload/IMG_20170516_093948577.jpg'),
	(762, 'upload/IMG_20170516_093952439.jpg', 119, 'upload/IMG_20170516_093952439.jpg'),
	(763, 'upload/IMG_20170516_094000566.jpg', 119, 'upload/IMG_20170516_094000566.jpg'),
	(764, 'upload/IMG_20170516_094008040.jpg', 119, 'upload/IMG_20170516_094008040.jpg'),
	(765, 'upload/IMG_20170516_094016301.jpg', 119, 'upload/IMG_20170516_094016301.jpg'),
	(766, 'upload/IMG_20170516_094020298.jpg', 119, 'upload/IMG_20170516_094020298.jpg'),
	(767, 'upload/IMG_20170516_094026684.jpg', 119, 'upload/IMG_20170516_094026684.jpg'),
	(768, 'upload/IMG_20170516_094030575.jpg', 119, 'upload/IMG_20170516_094030575.jpg'),
	(769, 'upload/IMG_20170516_094033247.jpg', 119, 'upload/IMG_20170516_094033247.jpg'),
	(770, 'upload/IMG_20170516_093941760.jpg', 119, 'upload/IMG_20170516_093941760.jpg'),
	(771, 'upload/IMG_20170516_092644041.jpg', 120, 'upload/IMG_20170516_092644041.jpg'),
	(772, 'upload/IMG_20170516_092653649.jpg', 120, 'upload/IMG_20170516_092653649.jpg'),
	(773, 'upload/IMG_20170516_093143100.jpg', 121, 'upload/IMG_20170516_093143100.jpg'),
	(774, 'upload/IMG_20170516_093155511.jpg', 121, 'upload/IMG_20170516_093155511.jpg'),
	(775, 'upload/IMG_20170516_093543903.jpg', 121, 'upload/IMG_20170516_093543903.jpg'),
	(776, 'upload/IMG_20170516_093550066.jpg', 121, 'upload/IMG_20170516_093550066.jpg'),
	(777, 'upload/IMG_20170516_093553525.jpg', 121, 'upload/IMG_20170516_093553525.jpg'),
	(778, 'upload/IMG_20170516_093559551.jpg', 121, 'upload/IMG_20170516_093559551.jpg'),
	(779, 'upload/IMG_20170516_093528640.jpg', 121, 'upload/IMG_20170516_093528640.jpg'),
	(780, 'upload/IMG_20170516_092709434.jpg', 122, 'upload/IMG_20170516_092709434.jpg'),
	(781, 'upload/IMG_20170516_092720984.jpg', 122, 'upload/IMG_20170516_092720984.jpg'),
	(782, 'upload/IMG_20170516_092721575.jpg', 122, 'upload/IMG_20170516_092721575.jpg'),
	(783, 'upload/IMG_20170516_092729478.jpg', 122, 'upload/IMG_20170516_092729478.jpg'),
	(784, 'upload/IMG_20170516_092554517.jpg', 123, 'upload/IMG_20170516_092554517.jpg'),
	(785, 'upload/IMG_20170516_092603978.jpg', 123, 'upload/IMG_20170516_092603978.jpg'),
	(786, 'upload/IMG_20170516_092615273.jpg', 123, 'upload/IMG_20170516_092615273.jpg'),
	(787, 'upload/IMG_20170516_092622729.jpg', 123, 'upload/IMG_20170516_092622729.jpg'),
	(788, 'upload/IMG_20170516_094457438.jpg', 124, 'upload/IMG_20170516_094457438.jpg'),
	(789, 'upload/IMG_20170516_094525351.jpg', 124, 'upload/IMG_20170516_094525351.jpg'),
	(790, 'upload/IMG_20170516_094533895.jpg', 124, 'upload/IMG_20170516_094533895.jpg'),
	(791, 'upload/IMG_20170516_094538282_HDR.jpg', 124, 'upload/IMG_20170516_094538282_HDR.jpg'),
	(792, 'upload/IMG_20170516_094518453.jpg', 124, 'upload/IMG_20170516_094518453.jpg'),
	(793, 'upload/IMG_20170516_093410747.jpg', 125, 'upload/IMG_20170516_093410747.jpg'),
	(794, 'upload/IMG_20170516_093424453.jpg', 125, 'upload/IMG_20170516_093424453.jpg'),
	(795, 'upload/IMG_20170516_093428820.jpg', 125, 'upload/IMG_20170516_093428820.jpg'),
	(796, 'upload/IMG_20170516_094231829.jpg', 126, 'upload/IMG_20170516_094231829.jpg'),
	(797, 'upload/IMG_20170516_094226606.jpg', 126, 'upload/IMG_20170516_094226606.jpg'),
	(798, 'upload/IMG_20170516_092437170.jpg', 127, 'upload/IMG_20170516_092437170.jpg'),
	(799, 'upload/IMG_20170516_092448877.jpg', 127, 'upload/IMG_20170516_092448877.jpg'),
	(800, 'upload/IMG_20170516_092502799.jpg', 127, 'upload/IMG_20170516_092502799.jpg'),
	(801, 'upload/IMG_20170516_092408678.jpg', 128, 'upload/IMG_20170516_092408678.jpg'),
	(802, 'upload/IMG_20170516_092417806.jpg', 128, 'upload/IMG_20170516_092417806.jpg'),
	(825, 'upload/r (33).JPG', 48, 'upload/r (33).JPG'),
	(826, 'upload/r (30).JPG', 48, 'upload/r (30).JPG'),
	(827, 'upload/r (22).JPG', 48, 'upload/r (22).JPG'),
	(828, 'upload/T.JPG', 129, 'upload/T.JPG'),
	(829, 'upload/U (1).JPG', 129, 'upload/U (1).JPG'),
	(830, 'upload/U (2).JPG', 129, 'upload/U (2).JPG'),
	(831, 'upload/U (3).JPG', 129, 'upload/U (3).JPG'),
	(832, 'upload/U (4).JPG', 129, 'upload/U (4).JPG'),
	(833, 'upload/U (5).JPG', 129, 'upload/U (5).JPG'),
	(834, 'upload/U (6).JPG', 129, 'upload/U (6).JPG'),
	(835, 'upload/U (7).JPG', 129, 'upload/U (7).JPG'),
	(836, 'upload/U (9).JPG', 129, 'upload/U (9).JPG'),
	(837, 'upload/U (11).JPG', 129, 'upload/U (11).JPG'),
	(838, 'upload/U (12).JPG', 129, 'upload/U (12).JPG'),
	(839, 'upload/U (13).JPG', 129, 'upload/U (13).JPG'),
	(840, 'upload/U (14).JPG', 129, 'upload/U (14).JPG'),
	(841, 'upload/U (15).JPG', 129, 'upload/U (15).JPG'),
	(842, 'upload/U (16).JPG', 129, 'upload/U (16).JPG'),
	(843, 'upload/U (17).JPG', 129, 'upload/U (17).JPG'),
	(844, 'upload/U (18).JPG', 129, 'upload/U (18).JPG'),
	(845, 'upload/IMG_20170516_093819276.jpg', 130, 'upload/IMG_20170516_093819276.jpg'),
	(846, 'upload/IMG_20170516_093809625.jpg', 130, 'upload/IMG_20170516_093809625.jpg'),
	(847, 'upload/IMG_20170516_092908342.jpg', 131, 'upload/IMG_20170516_092908342.jpg'),
	(848, 'upload/IMG_20170516_092919603.jpg', 131, 'upload/IMG_20170516_092919603.jpg'),
	(849, 'upload/IMG_20170516_092929810.jpg', 131, 'upload/IMG_20170516_092929810.jpg'),
	(850, 'upload/IMG_20170516_092934132.jpg', 131, 'upload/IMG_20170516_092934132.jpg'),
	(851, 'upload/IMG_20170516_092941103.jpg', 131, 'upload/IMG_20170516_092941103.jpg'),
	(852, 'upload/IMG_20170516_093051373.jpg', 132, 'upload/IMG_20170516_093051373.jpg'),
	(853, 'upload/IMG_20170516_093102927.jpg', 132, 'upload/IMG_20170516_093102927.jpg'),
	(854, 'upload/IMG_20170516_092516276.jpg', 133, 'upload/IMG_20170516_092516276.jpg'),
	(855, 'upload/IMG_20170516_092524483.jpg', 133, 'upload/IMG_20170516_092524483.jpg'),
	(856, 'upload/IMG_20170516_092541281.jpg', 133, 'upload/IMG_20170516_092541281.jpg'),
	(857, 'upload/IMG_20170516_093904466.jpg', 134, 'upload/IMG_20170516_093904466.jpg'),
	(858, 'upload/IMG_20170516_093910584.jpg', 134, 'upload/IMG_20170516_093910584.jpg'),
	(859, 'upload/IMG_20170516_093914358.jpg', 134, 'upload/IMG_20170516_093914358.jpg'),
	(860, 'upload/IMG_20170516_093917244.jpg', 134, 'upload/IMG_20170516_093917244.jpg'),
	(861, 'upload/IMG_20170516_093920554.jpg', 134, 'upload/IMG_20170516_093920554.jpg'),
	(862, 'upload/IMG_20170516_093931575.jpg', 134, 'upload/IMG_20170516_093931575.jpg'),
	(863, 'upload/IMG_20170516_093127352.jpg', 135, 'upload/IMG_20170516_093127352.jpg'),
	(864, 'upload/IMG_20170516_091933326.jpg', 135, 'upload/IMG_20170516_091933326.jpg'),
	(865, 'upload/IMG_20170516_091939946.jpg', 135, 'upload/IMG_20170516_091939946.jpg'),
	(866, 'upload/IMG_20170516_091951749.jpg', 135, 'upload/IMG_20170516_091951749.jpg'),
	(867, 'upload/IMG_20170516_092005003.jpg', 135, 'upload/IMG_20170516_092005003.jpg'),
	(868, 'upload/IMG_20170516_092102455.jpg', 135, 'upload/IMG_20170516_092102455.jpg'),
	(869, 'upload/IMG_20170516_093132622.jpg', 135, 'upload/IMG_20170516_093132622.jpg'),
	(870, 'upload/IMG_20170516_092042758.jpg', 135, 'upload/IMG_20170516_092042758.jpg'),
	(871, 'upload/IMG_20170516_093643905.jpg', 136, 'upload/IMG_20170516_093643905.jpg'),
	(872, 'upload/IMG_20170516_093651720.jpg', 136, 'upload/IMG_20170516_093651720.jpg'),
	(873, 'upload/IMG_20170516_093658564.jpg', 136, 'upload/IMG_20170516_093658564.jpg'),
	(874, 'upload/IMG_20170516_093701890.jpg', 136, 'upload/IMG_20170516_093701890.jpg'),
	(875, 'upload/IMG_20170516_093706018.jpg', 136, 'upload/IMG_20170516_093706018.jpg'),
	(876, 'upload/IMG_20170516_093023082.jpg', 137, 'upload/IMG_20170516_093023082.jpg'),
	(877, 'upload/IMG_20170516_093032396.jpg', 137, 'upload/IMG_20170516_093032396.jpg'),
	(878, 'upload/20170521_121553.jpg', 138, 'upload/20170521_121553.jpg'),
	(879, 'upload/20170331_115617.jpg', 139, 'upload/20170331_115617.jpg'),
	(880, 'upload/20170331_115953.jpg', 139, 'upload/20170331_115953.jpg'),
	(881, 'upload/G (70).jpg', 139, 'upload/G (70).jpg'),
	(882, 'upload/G (68).jpg', 139, 'upload/G (68).jpg'),
	(883, 'upload/G (74).jpg', 139, 'upload/G (74).jpg'),
	(884, 'upload/G (60).jpg', 139, 'upload/G (60).jpg'),
	(885, 'upload/G (45).jpg', 139, 'upload/G (45).jpg'),
	(886, 'upload/IMG-20170602-WA0045.jpg', 140, 'upload/IMG-20170602-WA0045.jpg'),
	(887, 'upload/IMG-20170602-WA0046.jpg', 140, 'upload/IMG-20170602-WA0046.jpg'),
	(888, 'upload/IMG-20170602-WA0041.jpg', 140, 'upload/IMG-20170602-WA0041.jpg'),
	(889, 'upload/IMG-20170602-WA0042.jpg', 140, 'upload/IMG-20170602-WA0042.jpg'),
	(890, 'upload/IMG-20170602-WA0043.jpg', 140, 'upload/IMG-20170602-WA0043.jpg'),
	(891, 'upload/IMG-20170602-WA0044.jpg', 140, 'upload/IMG-20170602-WA0044.jpg'),
	(892, 'upload/IMG-20170602-WA0047.jpg', 140, 'upload/IMG-20170602-WA0047.jpg'),
	(893, 'upload/IMG-20170602-WA0048.jpg', 140, 'upload/IMG-20170602-WA0048.jpg'),
	(894, 'upload/001.JPG', 141, 'upload/001.JPG'),
	(895, 'upload/UII (6).JPG', 141, 'upload/UII (6).JPG'),
	(896, 'upload/UII (7).JPG', 141, 'upload/UII (7).JPG'),
	(897, 'upload/UII (10).JPG', 141, 'upload/UII (10).JPG'),
	(898, 'upload/UII (11).JPG', 141, 'upload/UII (11).JPG'),
	(899, 'upload/UII (12).JPG', 141, 'upload/UII (12).JPG'),
	(900, 'upload/UII (21).JPG', 141, 'upload/UII (21).JPG'),
	(901, 'upload/UII (22).JPG', 141, 'upload/UII (22).JPG'),
	(902, 'upload/UII (23).JPG', 141, 'upload/UII (23).JPG'),
	(903, 'upload/UII (24).JPG', 141, 'upload/UII (24).JPG'),
	(904, 'upload/REF 230 LOTE SAO MIGUEL.jpg', 142, 'upload/REF 230 LOTE SAO MIGUEL.jpg'),
	(905, 'upload/IMG-20170607-WA0007.jpg', 143, 'upload/IMG-20170607-WA0007.jpg'),
	(906, 'upload/TY (11).jpg', 143, 'upload/TY (11).jpg'),
	(907, 'upload/TY (7).jpg', 143, 'upload/TY (7).jpg'),
	(908, 'upload/TY (6).jpg', 143, 'upload/TY (6).jpg'),
	(909, 'upload/TY (1).jpg', 143, 'upload/TY (1).jpg'),
	(910, 'upload/TY (2).jpg', 143, 'upload/TY (2).jpg'),
	(911, 'upload/TY (3).jpg', 143, 'upload/TY (3).jpg'),
	(912, 'upload/TY (4).jpg', 143, 'upload/TY (4).jpg'),
	(913, 'upload/TY (5).jpg', 143, 'upload/TY (5).jpg'),
	(914, 'upload/TY (8).jpg', 143, 'upload/TY (8).jpg'),
	(915, 'upload/TY (9).jpg', 143, 'upload/TY (9).jpg'),
	(916, 'upload/DSC06719.JPG', 144, 'upload/DSC06719.JPG'),
	(917, 'upload/FD (19).JPG', 144, 'upload/FD (19).JPG'),
	(918, 'upload/FD (13).JPG', 144, 'upload/FD (13).JPG'),
	(919, 'upload/FD (8).JPG', 144, 'upload/FD (8).JPG'),
	(920, 'upload/FD (9).JPG', 144, 'upload/FD (9).JPG'),
	(921, 'upload/FD (10).JPG', 144, 'upload/FD (10).JPG'),
	(922, 'upload/FD (26).JPG', 144, 'upload/FD (26).JPG'),
	(923, 'upload/FD (27).JPG', 144, 'upload/FD (27).JPG'),
	(924, 'upload/FD (31).JPG', 144, 'upload/FD (31).JPG'),
	(925, 'upload/FD (1).JPG', 144, 'upload/FD (1).JPG'),
	(926, 'upload/FD (2).JPG', 144, 'upload/FD (2).JPG'),
	(927, 'upload/FD (3).JPG', 144, 'upload/FD (3).JPG'),
	(928, 'upload/FD (4).JPG', 144, 'upload/FD (4).JPG'),
	(929, 'upload/FD (5).JPG', 144, 'upload/FD (5).JPG'),
	(930, 'upload/FD (45).JPG', 144, 'upload/FD (45).JPG'),
	(931, 'upload/FD (52).JPG', 144, 'upload/FD (52).JPG'),
	(932, 'upload/FD (11).JPG', 144, 'upload/FD (11).JPG'),
	(933, 'upload/CASA 1.png', 145, 'upload/CASA 1.png'),
	(934, 'upload/CASA 2.png', 145, 'upload/CASA 2.png'),
	(1175, 'upload/I3.jpg', 146, 'upload/I3.jpg'),
	(1176, 'upload/IMG_20170703_160410443.jpg', 152, 'upload/IMG_20170703_160410443.jpg'),
	(1174, 'upload/loteamento das rosas.png', 146, 'upload/loteamento das rosas.png'),
	(1173, 'upload/I7.jpg', 146, 'upload/I7.jpg'),
	(1172, 'upload/I5.jpg', 146, 'upload/I5.jpg'),
	(1171, 'upload/I4.jpg', 146, 'upload/I4.jpg'),
	(1170, 'upload/I1.jpg', 146, 'upload/I1.jpg'),
	(943, 'upload/TR (14).jpg', 147, 'upload/TR (14).jpg'),
	(958, 'upload/TYP (1).jpg', 148, 'upload/TYP (1).jpg'),
	(959, 'upload/TYP (2).jpg', 148, 'upload/TYP (2).jpg'),
	(960, 'upload/TYP (3).jpg', 148, 'upload/TYP (3).jpg'),
	(961, 'upload/TYP (4).jpg', 148, 'upload/TYP (4).jpg'),
	(962, 'upload/TYP (6).jpg', 148, 'upload/TYP (6).jpg'),
	(963, 'upload/TYP (9).jpg', 148, 'upload/TYP (9).jpg'),
	(964, 'upload/TYP (20).jpg', 148, 'upload/TYP (20).jpg'),
	(965, 'upload/TYP (14).jpg', 148, 'upload/TYP (14).jpg'),
	(966, 'upload/TYP (16).jpg', 148, 'upload/TYP (16).jpg'),
	(968, 'upload/IMG_20170627_133035069.jpg', 101, 'upload/IMG_20170627_133035069.jpg'),
	(969, 'upload/IMG_20170627_133029725.jpg', 101, 'upload/IMG_20170627_133029725.jpg'),
	(970, 'upload/IMG_20170627_132841427.jpg', 101, 'upload/IMG_20170627_132841427.jpg'),
	(971, 'upload/IMG_20170627_132900145.jpg', 101, 'upload/IMG_20170627_132900145.jpg'),
	(972, 'upload/IMG_20170627_132900980.jpg', 101, 'upload/IMG_20170627_132900980.jpg'),
	(973, 'upload/IMG_20170627_132920550.jpg', 101, 'upload/IMG_20170627_132920550.jpg'),
	(974, 'upload/IMG_20170627_133010388.jpg', 101, 'upload/IMG_20170627_133010388.jpg'),
	(975, 'upload/IMG_20170627_132950620.jpg', 101, 'upload/IMG_20170627_132950620.jpg'),
	(976, 'upload/IMG_20170627_133323671.jpg', 101, 'upload/IMG_20170627_133323671.jpg'),
	(977, 'upload/IMG_20170627_133144112.jpg', 101, 'upload/IMG_20170627_133144112.jpg'),
	(978, 'upload/IMG_20170627_133213129.jpg', 101, 'upload/IMG_20170627_133213129.jpg'),
	(979, 'upload/SDFAS.png', 149, 'upload/SDFAS.png'),
	(980, 'upload/IMG_20170624_152543862.jpg', 150, 'upload/IMG_20170624_152543862.jpg'),
	(981, 'upload/IMG_20170624_152429510.jpg', 150, 'upload/IMG_20170624_152429510.jpg'),
	(982, 'upload/IMG_20170624_152931807.jpg', 150, 'upload/IMG_20170624_152931807.jpg'),
	(983, 'upload/IMG_20170624_164154798.jpg', 150, 'upload/IMG_20170624_164154798.jpg'),
	(984, 'upload/IMG_20170624_164238417.jpg', 150, 'upload/IMG_20170624_164238417.jpg'),
	(985, 'upload/IMG_20170624_164309523.jpg', 150, 'upload/IMG_20170624_164309523.jpg'),
	(986, 'upload/IMG_20170624_164325793.jpg', 150, 'upload/IMG_20170624_164325793.jpg'),
	(987, 'upload/IMG_20170624_164651804.jpg', 150, 'upload/IMG_20170624_164651804.jpg'),
	(988, 'upload/IMG_20170624_164725106.jpg', 150, 'upload/IMG_20170624_164725106.jpg'),
	(989, 'upload/IMG_20170624_164836755.jpg', 150, 'upload/IMG_20170624_164836755.jpg'),
	(990, 'upload/IMG_20170624_164955051.jpg', 150, 'upload/IMG_20170624_164955051.jpg'),
	(991, 'upload/IMG_20170624_165050423.jpg', 150, 'upload/IMG_20170624_165050423.jpg'),
	(992, 'upload/IMG_20170624_165116047.jpg', 150, 'upload/IMG_20170624_165116047.jpg'),
	(993, 'upload/IMG_20170624_165715083_HDR.jpg', 150, 'upload/IMG_20170624_165715083_HDR.jpg'),
	(994, 'upload/IMG_20170624_165453981.jpg', 150, 'upload/IMG_20170624_165453981.jpg'),
	(995, 'upload/IMG_20170624_105306670_HDR.jpg', 151, 'upload/IMG_20170624_105306670_HDR.jpg'),
	(996, 'upload/IMG_20170625_105000628.jpg', 151, 'upload/IMG_20170625_105000628.jpg'),
	(997, 'upload/IMG_20170625_104718048.jpg', 151, 'upload/IMG_20170625_104718048.jpg'),
	(998, 'upload/IMG_20170625_105034486.jpg', 151, 'upload/IMG_20170625_105034486.jpg'),
	(999, 'upload/IMG_20170625_104723234.jpg', 151, 'upload/IMG_20170625_104723234.jpg'),
	(1000, 'upload/IMG_20170625_104750752.jpg', 151, 'upload/IMG_20170625_104750752.jpg'),
	(1001, 'upload/IMG_20170625_104824852.jpg', 151, 'upload/IMG_20170625_104824852.jpg'),
	(1002, 'upload/IMG_20170625_104927592.jpg', 151, 'upload/IMG_20170625_104927592.jpg'),
	(1003, 'upload/IMG_20170625_105018590.jpg', 151, 'upload/IMG_20170625_105018590.jpg'),
	(1004, 'upload/IMG_20170625_105022993.jpg', 151, 'upload/IMG_20170625_105022993.jpg'),
	(1005, 'upload/IMG_20170625_105106521.jpg', 151, 'upload/IMG_20170625_105106521.jpg'),
	(1006, 'upload/uu.jpg', 151, 'upload/uu.jpg'),
	(1055, 'upload/051.JPG', 36, 'upload/051.JPG'),
	(1136, 'upload/4.JPG', 71, 'upload/4.JPG'),
	(1137, 'upload/5.JPG', 71, 'upload/5.JPG'),
	(1138, 'upload/6.JPG', 71, 'upload/6.JPG'),
	(1139, 'upload/7.JPG', 71, 'upload/7.JPG'),
	(1140, 'upload/9.JPG', 71, 'upload/9.JPG'),
	(1141, 'upload/10.JPG', 71, 'upload/10.JPG'),
	(1142, 'upload/8.JPG', 71, 'upload/8.JPG'),
	(1144, 'upload/2.jpg', 74, 'upload/2.jpg'),
	(1145, 'upload/3.jpg', 74, 'upload/3.jpg'),
	(1146, 'upload/4.jpg', 74, 'upload/4.jpg'),
	(1147, 'upload/5.jpg', 74, 'upload/5.jpg'),
	(1148, 'upload/6.jpg', 74, 'upload/6.jpg'),
	(1149, 'upload/7.jpg', 74, 'upload/7.jpg'),
	(1150, 'upload/9.jpg', 74, 'upload/9.jpg'),
	(1151, 'upload/10.jpg', 74, 'upload/10.jpg'),
	(1152, 'upload/8.jpg', 74, 'upload/8.jpg'),
	(1178, 'upload/IMG_20170703_160457034.jpg', 152, 'upload/IMG_20170703_160457034.jpg'),
	(1179, 'upload/1.jpg', 153, 'upload/1.jpg'),
	(1180, 'upload/2.jpg', 153, 'upload/2.jpg'),
	(1181, 'upload/3.jpg', 153, 'upload/3.jpg'),
	(1182, 'upload/4.jpg', 153, 'upload/4.jpg'),
	(1183, 'upload/5.jpg', 153, 'upload/5.jpg'),
	(1184, 'upload/6.jpg', 153, 'upload/6.jpg'),
	(1185, 'upload/7.jpg', 153, 'upload/7.jpg'),
	(1186, 'upload/8.jpg', 153, 'upload/8.jpg'),
	(1187, 'upload/9.jpg', 153, 'upload/9.jpg'),
	(1188, 'upload/10.jpg', 153, 'upload/10.jpg');
/*!40000 ALTER TABLE `imagens` ENABLE KEYS */;

-- Copiando estrutura para tabela dalmi603_db.imoveis
CREATE TABLE IF NOT EXISTS `imoveis` (
  `cod_imovel` int(11) NOT NULL AUTO_INCREMENT,
  `cod_tipo` int(11) DEFAULT NULL,
  `cod_bairro` int(11) DEFAULT NULL,
  `titulo` varchar(255) DEFAULT NULL,
  `endereco` varchar(255) DEFAULT NULL,
  `quartos` int(11) DEFAULT '0',
  `suite` int(11) DEFAULT '0',
  `garagem` int(11) DEFAULT '0',
  `area` varchar(200) DEFAULT '0',
  `banheiro` int(11) DEFAULT NULL,
  `descricao` text,
  `deletado` int(11) DEFAULT NULL,
  `oculto` int(11) DEFAULT NULL,
  `valor` float(12,2) DEFAULT '0.00',
  `cod_transacao` int(11) DEFAULT NULL,
  `data_insert` timestamp NULL DEFAULT CURRENT_TIMESTAMP,
  `video` text,
  PRIMARY KEY (`cod_imovel`)
) ENGINE=MyISAM AUTO_INCREMENT=154 DEFAULT CHARSET=utf8;

-- Copiando dados para a tabela dalmi603_db.imoveis: 107 rows
DELETE FROM `imoveis`;
/*!40000 ALTER TABLE `imoveis` DISABLE KEYS */;
INSERT INTO `imoveis` (`cod_imovel`, `cod_tipo`, `cod_bairro`, `titulo`, `endereco`, `quartos`, `suite`, `garagem`, `area`, `banheiro`, `descricao`, `deletado`, `oculto`, `valor`, `cod_transacao`, `data_insert`, `video`) VALUES
	(39, 2, 3, 'ref: 456', 'não disponivel', 2, 0, 1, '000', 2, '<p class="MsoNormal"><b><span style="font-size:20.0pt;line-height:115%">REF:456 <o:p></o:p></span></b></p>\n\n<p class="MsoNormal"><span style="font-size:20.0pt;line-height:115%">VENDE – SE\nCASA COM 02 QUARTOS, COZINHA E SALA INTEGRADAS<o:p></o:p></span></p>\n\n<p class="MsoNormal"><span style="font-size:20.0pt;line-height:115%">02\nBANHEIROS, LAVAÇÃO, VARANDA, E PATIO<o:p></o:p></span></p>\n\n<p class="MsoNormal"><b><span style="font-size:20.0pt;line-height:115%">VALOR: R$ 330.000,00&nbsp;&nbsp;&nbsp; <o:p></o:p></span></b></p>\n\n<p class="MsoNormal"><span style="font-size:20.0pt;line-height:115%">NEGOCIAVEL<o:p></o:p></span></p>\n\n<p class="MsoNormal"><b><span style="font-size:20.0pt;line-height:115%">BOM PARA PONTO COMERCIAL<o:p></o:p></span></b></p>', 0, 0, 330000.00, 1, '2017-05-15 10:50:14', ''),
	(40, 1, 3, 'ref: 492 casa', 'não disponivel', 4, 0, 2, '000', 2, '<p class="MsoNormal"><b><i><span style="font-size:26.0pt;line-height:115%">REF 492&nbsp;&nbsp;&nbsp;&nbsp; &nbsp;<o:p></o:p></span></i></b></p>\n\n<p class="MsoNormal"><span style="font-size:24.0pt;line-height:115%">04 QUARTOS,\n02 BANHEIROS<o:p></o:p></span></p>\n\n<p class="MsoNormal"><span style="font-size:24.0pt;line-height:115%">COZINHA E\nSALA<o:p></o:p></span></p>\n\n<p class="MsoNormal"><span style="font-size:24.0pt;line-height:115%">LAVAÇÃO E\nCHURRASQUEIRA<o:p></o:p></span></p>\n\n<p class="MsoNormal"><span style="font-size:24.0pt;line-height:115%">GARAGEM 02\nCARROS, PATIO<o:p></o:p></span></p>\n\n<p class="MsoNormal"><o:p>&nbsp;</o:p></p>\n\n<p class="MsoNormal"><b><span style="font-size:28.0pt;line-height:115%">VALOR: R$ 300.000,00<o:p></o:p></span></b></p>', 0, 0, 300000.00, 1, '2017-05-15 10:53:37', ''),
	(145, 2, 1, 'REF 216', 'NÃO IDENTIFICADO', 3, 0, 2, '485,00', 1, '<p class="MsoNormal"><span style="font-size:16.0pt;line-height:115%">REF 216 </span><span style="font-size:18.0pt;line-height:115%">VENDE CASA E LOTE FRENTE PARA DUAS\nRUAS</span><span style="font-size:16.0pt;line-height:115%"><o:p></o:p></span></p>\n\n<p class="MsoNormal"><span style="font-size:16.0pt;line-height:115%">CASA FRENTE\nRUA FRANCISCO WOLINGER&nbsp;&nbsp; COM 03 QUARTOS LOTE\nPARA RUA FRANCISCO SCHIMITZ PONTO COMERCIAL<o:p></o:p></span></p>\n\n<p class="MsoNormal"><span style="font-size:16.0pt;line-height:115%">COZINHA,\nSALA, BWC, GARAGEM 02 CARROS, CHURRASQUEIRA<o:p></o:p></span></p>\n\n<p class="MsoNormal"><span style="font-size:16.0pt;line-height:115%">LOTE&nbsp; COM 12,00 DE FRENTE LATERAIS 40,50&nbsp; ÁREA DE 485 M²<o:p></o:p></span></p>\n\n<p class="MsoNormal"><span style="font-size:24.0pt;line-height:115%">VALOR: R$ 300.000,00<o:p></o:p></span></p>', 0, 0, 300000.00, 1, '2017-06-16 15:45:04', ''),
	(79, 7, 3, 'Ref 209', '', 0, 0, 0, '300 m²', 0, '<p class="MsoNormal"><span style="font-size: 28pt;">02 lotes juntos ou separados preço da unidade 115.000</span></p>\n\n<p class="MsoNormal"><span style="font-size:28.0pt;line-height:115%"><o:p>&nbsp;</o:p></span></p>\n\n<p class="MsoNormal"><span style="font-size:28.0pt;line-height:115%">15,00 X\n20,00&nbsp;<o:p></o:p></span></p>', 0, 0, 115000.00, 1, '2017-05-24 09:48:04', ''),
	(42, 2, 3, 'ref: 523 casa', 'não identificado', 2, 0, 1, '00', 1, '<p class="MsoNormal"><span style="font-size:22.0pt;line-height:115%">REF 523 VENDE\nTERRENO COM DUAS&nbsp; CASAS<o:p></o:p></span></p>\n\n<p class="MsoNormal"><span style="font-size:22.0pt;line-height:115%">FUNDOS 01\nQUARTO COZINHA E 01 BANHEIRO<o:p></o:p></span></p>\n\n<p class="MsoNormal"><span style="font-size:22.0pt;line-height:115%">FRENTE 02\nQUARTOS, SALA COZINHA 01 BANHEIRO E GARAGEM<o:p></o:p></span></p>\n\n<p class="MsoNormal"><span style="font-size:22.0pt;line-height:115%"><o:p>&nbsp;</o:p></span></p>\n\n<p class="MsoNormal"><span style="font-size:22.0pt;line-height:115%"><o:p>&nbsp;</o:p></span></p>\n\n<p class="MsoNormal"><span style="font-size:26.0pt;line-height:115%">VALOR:\n212.000,00&nbsp;<o:p></o:p></span></p>', 0, 0, 212000.00, 1, '2017-05-15 11:03:50', ''),
	(51, 4, 3, 'ref: 521 Sobrado', 'não divulgado', 3, 1, 2, '0000', 2, '<p class="MsoNormal"><span style="font-size:24.0pt;line-height:115%">REF: 521 </span><span style="font-size:28.0pt;line-height:115%">VENDE CASA OU TROCA</span><span style="font-size:24.0pt;line-height:115%"><o:p></o:p></span></p>\n\n<p class="MsoNormal"><span style="font-size:24.0pt;line-height:115%">03 QUARTOS,\n02 BWC SOCIAL, SALA <o:p></o:p></span></p>\n\n<p class="MsoNormal"><span style="font-size:24.0pt;line-height:115%">HALL DE\nENTRADA<o:p></o:p></span></p>\n\n<p class="MsoNormal"><span style="font-size:24.0pt;line-height:115%">COZINHA,\nGARAGEM 02 CARROS <o:p></o:p></span></p>\n\n<p class="MsoNormal"><span style="font-size:24.0pt;line-height:115%">MAIS UMA\nEDICULA ,PATIO, JARDIM <o:p></o:p></span></p>\n\n<p class="MsoNormal"><span style="font-size:24.0pt;line-height:115%">LOTE 15 X\n24= 360 M²<o:p></o:p></span></p>\n\n<p class="MsoNormal"><span style="font-size:24.0pt;line-height:115%">AREA UTIL CONSTRUIDA\n384 M²<o:p></o:p></span></p>\n\n<p class="MsoNormal"><span style="font-size:24.0pt;line-height:115%">VALOR R$ 430,000,00 &nbsp;&nbsp;TROCA POR OUTRO IMOVEL DE\nMENOR VALOR A/C CARRO<o:p></o:p></span></p>', 0, 0, 430000.00, 1, '2017-05-15 15:11:29', ''),
	(50, 2, 3, 'ref: 531 casa', 'não disponivel', 4, 1, 5, '100', 2, '<p class="MsoNormal"><span style="font-size:12.0pt;line-height:115%">RE</span><span style="font-size:16.0pt;line-height:115%">F: 531&nbsp; </span><span style="font-size:22.0pt;\nline-height:115%">VENDE CASA&nbsp; A 100\nMETROS DO MAR</span><span style="font-size:20.0pt;line-height:115%"><o:p></o:p></span></p>\n\n<p class="MsoNormal"><span style="font-size:20.0pt;line-height:115%">04 QUARTOS,\nSENDO 01 SUITE, 01 SALA, COZINHA, + 01 BWC SOCIAL, LAVAÇÃO, DISPENSA AREA DE\nFESTAS, GARAGEM PARA 05 CARROS&nbsp;&nbsp;&nbsp;&nbsp;&nbsp;&nbsp;&nbsp;&nbsp;&nbsp;&nbsp;&nbsp;&nbsp;&nbsp;&nbsp;&nbsp;&nbsp;&nbsp;\nENTRADA PARA 02 RUAS<o:p></o:p></span></p>\n\n<p class="MsoNormal"><span style="font-size:20.0pt;line-height:115%">CASA &nbsp; 100&nbsp;M² &nbsp;&nbsp;&nbsp;&nbsp;&nbsp;&nbsp;LOTE &nbsp;&nbsp;11,00X 25,00= 275,00 M²&nbsp;&nbsp; MAIS SOBRA<o:p></o:p></span></p>\n\n<p class="MsoNormal"><span style="font-size:26.0pt;line-height:115%">VALOR:&nbsp; R$&nbsp;\n370.000,00 <o:p></o:p></span></p>\n\n<p class="MsoNormal"><span style="font-size:20.0pt;line-height:115%">AC TROCA POR\nAPARTAMENTO<o:p></o:p></span></p>', 0, 0, 370000.00, 1, '2017-05-15 15:08:24', ''),
	(49, 2, 3, 'ref: 532 casa', 'não disponivel', 2, 1, 2, '117', 2, '<p class="MsoNormal"><span style="font-size:22.0pt;line-height:115%">REF: 532</span>&nbsp;&nbsp;&nbsp; <span style="font-size:22.0pt;line-height:\n115%">VENDE CASA A 180 METROS DO MAR<o:p></o:p></span></p>\n\n<p class="MsoNormal"><span style="font-size:18.0pt;line-height:115%">COM 01 SUITE\n+&nbsp; 01 QUARTO, 01 LAVABO<o:p></o:p></span></p>\n\n<p class="MsoNormal"><span style="font-size:18.0pt;line-height:115%">SALA, COPA,\nCOZINHA, DISPENSA, GARAGEM &nbsp;02 &nbsp;CARROS<o:p></o:p></span></p>\n\n<p class="MsoNormal"><span style="font-size:18.0pt;line-height:115%">FUNDOS:\nEDICULA COM 01 QUARTO, 01 BANHEIRO<o:p></o:p></span></p>\n\n<p class="MsoNormal"><span style="font-size:18.0pt;line-height:115%">&nbsp;SALA , COZINHA, LAVAÇÃO<o:p></o:p></span></p>\n\n<p class="MsoNormal"><span style="font-size:18.0pt;line-height:115%">AVERBADA COM\n117,32 M²&nbsp;&nbsp;&nbsp;&nbsp; <o:p></o:p></span></p>\n\n<p class="MsoNormal"><span style="font-size:18.0pt;line-height:115%">EDICULA COM\n40,42 M² <o:p></o:p></span></p>\n\n<p class="MsoNormal"><span style="font-size:18.0pt;line-height:115%">LOTE\n15X24=360M²<o:p></o:p></span></p>\n\n<span style="font-size:26.0pt;line-height:115%;font-family:&quot;Calibri&quot;,&quot;sans-serif&quot;;\nmso-ascii-theme-font:minor-latin;mso-fareast-font-family:Calibri;mso-fareast-theme-font:\nminor-latin;mso-hansi-theme-font:minor-latin;mso-bidi-font-family:&quot;Times New Roman&quot;;\nmso-bidi-theme-font:minor-bidi;mso-ansi-language:PT-BR;mso-fareast-language:\nEN-US;mso-bidi-language:AR-SA">VALOR: 420.000,00&nbsp;&nbsp; ESTUDA-SE ´PROPOSTA&nbsp;&nbsp; ACEITA VEICULO</span>', 0, 0, 420000.00, 1, '2017-05-15 14:58:17', ''),
	(48, 2, 3, 'ref: 542 casa', 'não disponivel', 3, 1, 2, '000', 2, '<p class="MsoNormal"><b><i><u><span style="font-size:26.0pt;line-height:115%">REF. 542&nbsp;&nbsp;&nbsp;&nbsp;&nbsp;&nbsp; VENDE CASA + EDICULA<o:p></o:p></span></u></i></b></p>\n\n<p class="MsoNormal"><b><i><u><span style="font-size:20.0pt;line-height:115%">CASA:</span></u></i></b><span style="font-size:20.0pt;line-height:115%"> </span><b><span style="font-size:22.0pt;line-height:115%">3 QUARTOS, SENDO UMA\nSUITE + BWC SOCIAL + SALA + COPA + COZINHA+ DISPENSA + GARAGENS 2 CARROS<o:p></o:p></span></b></p>\n\n<p class="MsoNormal"><span style="font-size:20.0pt;line-height:115%"><o:p>&nbsp;</o:p></span></p>\n\n<p class="MsoNormal"><b><i><u><span style="font-size:20.0pt;line-height:115%">EDICULA:</span></u></i></b><span style="font-size:20.0pt;line-height:115%"> </span><b><span style="font-size:22.0pt;line-height:115%">DOIS PISOS, 2 QUARTOS +\n1 BWC SOCIAL + SALA + COZINHA + AREA DE FESTAS<o:p></o:p></span></b></p>\n\n<p class="MsoNormal"><b><span style="font-size:22.0pt;line-height:115%"><o:p>&nbsp;</o:p></span></b></p>\n\n<p class="MsoNormal"><b><i><u><span style="font-size:26.0pt;line-height:115%">VALOR: 320.000,00<o:p></o:p></span></u></i></b></p>', 0, 0, 320000.00, 1, '2017-05-15 14:54:35', ''),
	(141, 2, 1, 'REF 519', 'NAO DISPONÍVEL ', 3, 1, 1, '168', 2, '<p class="MsoNormal"><span style="font-size:16.0pt;line-height:115%">REF:519</span><span style="font-size:20.0pt;line-height:115%"> </span><span style="font-size:28.0pt;\nline-height:115%">VENDE OU TROCA &nbsp;CASA\nNOVA</span><span style="font-size:20.0pt;line-height:115%"><o:p></o:p></span></p>\n\n<p class="MsoNormal"><span style="font-size:20.0pt;line-height:115%">03 QUARTOS\nSENDO 01 SUITE + UM BWC SOCIAL<o:p></o:p></span></p>\n\n<p class="MsoNormal"><span style="font-size:20.0pt;line-height:115%">SALA,\nCOZINHA, REBAIXO EM GESSO, PORCELANATO, IDROMASSAGEM, ARMARIOS IMBUTIDOS,\nTIJOLO ESTRUTURAL PARA + 02 PISOS<o:p></o:p></span></p>\n\n<p class="MsoNormal"><span style="font-size:20.0pt;line-height:115%">SISTERNA\nPARA 20 MIL LITROS DE AGUA, <o:p></o:p></span></p>\n\n<p class="MsoNormal"><span style="font-size:20.0pt;line-height:115%">LOTE &nbsp;12,00 X 30,00- 360 M²&nbsp;&nbsp; -&nbsp;&nbsp;\nCASA 168,00 M²<o:p></o:p></span></p>\n\n<p class="MsoNormal"><span style="font-size:28.0pt;line-height:115%">VALOR:\n350.000,00</span><span style="font-size:20.0pt;line-height:115%">&nbsp;&nbsp;&nbsp;&nbsp;&nbsp; NEGOCIAVEL, TROCA POR CASA DE MENOR\nVALOR, ESTUDA-SE PROPOSTA<o:p></o:p></span></p>', 0, 0, 350000.00, 1, '2017-06-16 15:17:10', ''),
	(47, 1, 3, 'ref: 289 apartamento', 'não disponivel', 2, 1, 1, '215', 2, '<h2 style="font-family: &quot;Times New Roman&quot;; background-color: rgb(255, 153, 0); margin-left: 5px; margin-right: 5px;"><br></h2><div><br></div><div><span style="font-size: medium;"><font face="Arial"><span style="color: rgb(0, 0, 0);">Apartamento contendo 02 quartos, sendo 01 suíte, sala, copa, 01 Bwc social.</span></font></span></div><div><span style="font-size: medium;"><font face="Arial"><span style="color: rgb(0, 0, 0);">Cozinha, lavação, churrasqueira na sacada, garagem p/2 carros ficam alguns moveis.</span></font></span></div><div><span style="font-size: medium;"><font face="Arial"><span style="color: rgb(0, 0, 0);">Apartamento no 4º lateral, prédio frente para o mar</span></font></span></div>', 0, 0, 550000.00, 1, '2017-05-15 14:49:17', ''),
	(43, 2, 3, 'ref: 533 casa', 'não identificado', 2, 0, 2, '84', 1, '<p class="MsoNormal"><span style="font-size:20.0pt;line-height:115%">REF 533&nbsp; </span><span style="font-size:24.0pt;\nline-height:115%">VENDE CASA GEMINADA</span><span style="font-size:20.0pt;\nline-height:115%"> <o:p></o:p></span></p>\n\n<p class="MsoNormal"><span style="font-size:22.0pt;line-height:115%">COLADA PELA\nGARAGEM<o:p></o:p></span></p>\n\n<p class="MsoNormal"><span style="font-size:22.0pt;line-height:115%">02 QUARTOS,\nSALA E COZINHA INTEGRADAS<o:p></o:p></span></p>\n\n<p class="MsoNormal"><span style="font-size:22.0pt;line-height:115%">01 BANHEIRO<o:p></o:p></span></p>\n\n<p class="MsoNormal"><span style="font-size:22.0pt;line-height:115%">LAVAÇÃO,\nGARAGEM 02 CARROS, PATIO<o:p></o:p></span></p>\n\n<p class="MsoNormal"><span style="font-size:22.0pt;line-height:115%">AVENIDA\nJOAQUIM COUTO 1371 <o:p></o:p></span></p>\n\n<p class="MsoNormal"><span style="font-size:22.0pt;line-height:115%">CASA 84\nM²&nbsp; TERRENO 174 M²<o:p></o:p></span></p>\n\n<p class="MsoNormal"><span style="font-size:26.0pt;line-height:115%">VALOR R$ 295.000,00<o:p></o:p></span></p>', 0, 0, 295000.00, 1, '2017-05-15 11:08:15', ''),
	(44, 2, 3, 'ref: 534 casa', 'não disponivel', 2, 1, 1, '114', 2, '<p class="MsoNormal"><span style="font-size:18.0pt;line-height:115%">REF 534 </span><span style="font-size:20.0pt;line-height:115%">VENDE&nbsp;\n02 CASAS&nbsp;&nbsp; UMA EM ALVENARIA COM 01\nSUITE + 02 QUARTOS, SALA, COZINHA, LAVAÇÃO, AREA DE FESTAS COM CHURRASQUEIRA<o:p></o:p></span></p>\n\n<p class="MsoNormal"><span style="font-size:18.0pt;line-height:115%">CASA MISTA\nCOM 03 QUARTOS, SALA, 01 BANHEIRO, COZINHA, LAVAÇÃO,&nbsp; GARAGEM COBERTA<o:p></o:p></span></p>\n\n<p class="MsoNormal"><span style="font-size:20.0pt;line-height:115%">LOTE&nbsp; 1035 M²&nbsp;\nCASA ALVENARIA 114 M²&nbsp;&nbsp; <o:p></o:p></span></p>\n\n<p class="MsoNormal"><span style="font-size:20.0pt;line-height:115%">CASA MISTA\n84 M²<o:p></o:p></span></p>\n\n<p class="MsoNormal"><span style="font-size:24.0pt;line-height:115%">VALOR DE R$\n400.000,00</span><span style="font-size:20.0pt;line-height:115%">&nbsp;&nbsp; TROCA POR CASA EM CAMBORIU<o:p></o:p></span></p>\n\n<p class="MsoNormal"><span style="font-size:20.0pt;line-height:115%">DOCUMENTO\nESCRITURA DE POSSE NO CARTORIO FIGUEIREDO PENHA-SC&nbsp;<o:p></o:p></span></p>', 0, 0, 400000.00, 1, '2017-05-15 11:12:01', ''),
	(45, 2, 3, 'ref: 536 casa', 'não disponivel', 2, 1, 1, '000', 1, '<p class="MsoNormal"><span style="font-size:22.0pt;line-height:115%">REF 536&nbsp; VENDE CASA EM SÃO MIGUEL PENHA COM VISTA PARA\nO MAR<o:p></o:p></span></p>\n\n<p class="MsoNormal"><span style="font-size:22.0pt;line-height:115%">01 SUITE, 02\nQUARTOS, 01 BWC, SOCIAL, AREA DE FESTA, 01 BWC, FOGÃO A LENHA, E GAS, CHURRASQUEIRA,\nDESPENSA, GARAGEM P/ 03 CARROS<o:p></o:p></span></p>\n\n<p class="MsoNormal"><span style="font-size:22.0pt;line-height:115%">FICAM ALGUNS\nMOVEIS<o:p></o:p></span></p>\n\n<p class="MsoNormal"><span style="font-size:28.0pt;line-height:115%">VALOR: R$\n430.000,00 TROCA POR</span><span style="font-size:22.0pt;line-height:115%">\nAPARTAMENTO EM ITAJAI DE 03 QUARTOS PODE SER DE MAIS VALOR, ESTUDA PROPOSTA<o:p></o:p></span></p>', 0, 0, 430000.00, 1, '2017-05-15 11:19:13', ''),
	(103, 1, 3, 'APARTAMENTO REF 560', 'NAO', 2, 1, 1, '000', 2, 'APARTAMENTO COM:<div>1 QUARTO + 1 SUÍTE&nbsp;</div><div>BANHEIRO SOCIAL&nbsp;</div><div>SA</div><div>COPA</div><div>COZINHA</div><div>SACADA COM CHURRASQUEIRA&nbsp;</div><div>1 VAGA DE ESTACIONAMENTO&nbsp;</div><div>ÁREA DE 86M²</div><div>&nbsp;R$ 250.000,00</div>', 0, 0, 250000.00, 1, '2017-06-02 16:10:13', ''),
	(99, 1, 2, 'APARTAMENTO REF 564', 'NAO', 3, 1, 2, '0000', 2, 'APARTAMENTO COM 2 QUARTOS + 1 SUITE<div>BWC SOCIAL&nbsp;</div><div>SACADA COM CHURRASQUEIRA&nbsp;</div><div>2 VAGAS DE GARAGEM &nbsp;DE GAVETA</div><div><br></div><div>R$ 550.000,00</div>', 0, 0, 550000.00, 1, '2017-06-02 15:47:12', ''),
	(100, 2, 3, 'CASA GEMINADA REF 557', 'NAO', 2, 1, 1, '0000', 2, 'CASA GEMINADA COM:<div>2 QUARTOS + 1 SUÍTE&nbsp;</div><div>SALA E COPA INTEGRADOS CONCEITO ABERTO</div><div>GARAGEM COBERTA&nbsp;</div><div>AMPLO PATIO NOS FUNDOS&nbsp;</div><div><br></div><div>R$ 210.000,00</div><div><br></div>', 0, 0, 210000.00, 1, '2017-06-02 15:50:26', ''),
	(101, 2, 3, 'CASA GEMINADA REF 565', 'NAO', 2, 0, 1, '0000', 1, 'CASA GEMINADA COM:<div>2 QUARTOS</div><div>1 BWC</div><div>COZINHA E SALA CONJUGADA CONCEITO ABERTO</div><div>PATIO NOS FUNDOS&nbsp;</div><div><br></div><div>R$155.000,00</div>', 0, 0, 155000.00, 1, '2017-06-02 15:54:46', ''),
	(102, 1, 3, 'APARTAMENTO REF 540', 'NAO', 3, 1, 1, '106', 2, 'APARTAMENTO REF 540 COM :<div>1 SUÍTE+ 2 QUARTOS&nbsp;</div><div>BWC SOCIAL</div><div>LAVAÇÃO</div><div>COZINHA E SALA CONJUGADA CONCEITO ABERTO&nbsp;</div><div>AMPLA SACADA COM CHURRASQUEIRA&nbsp;</div><div><br></div><div>R$ 290.000,00&nbsp;</div><div><br></div>', 0, 0, 290000.00, 1, '2017-06-02 16:01:41', ''),
	(98, 4, 3, 'SOBRADO REF 566', 'NAO', 3, 1, 1, '111,50', 2, 'SOBRADO COM:<div>1 SUÍTE&nbsp;</div><div>2 QUARTOS</div><div>BWC SOCIAL&nbsp;</div><div>COZINHA&nbsp;</div><div>SALA</div><div>LAVAÇÃO</div><div>CHURRASQUEIRA</div><div>SACADA</div><div>GARAGEM&nbsp;</div><div>&nbsp; IMÓVEL PRONTO PARA FINANCIAR&nbsp;</div><div><br></div><div>R$ 320.000,00</div>', 0, 0, 320000.00, 1, '2017-06-02 15:41:03', ''),
	(36, 4, 3, 'Ref: 331', 'não disponivel', 2, 1, 1, '0000', 2, '<p class="MsoNormal"><span style="font-size:22.0pt;line-height:115%">REF:331</span><span style="font-size:36.0pt;line-height:115%"> &nbsp;</span><span style="font-size:28.0pt;\nline-height:115%">VENDE-SE CASA GEMINADA&nbsp;\nCOM PISCINA,</span><span style="font-size:36.0pt;line-height:115%"> </span><span style="font-size:22.0pt;line-height:115%">01 SUITE COM CLOSET E SACADA, + 02\nQUARTOS COM SACADA, COZINHA, COPA, SALA + 02 BANHEIRO, + 01 LAVABO,&nbsp;&nbsp; GARAGEM, PATIO, LAVAÇÃO, PISCINA COM\nCHURRASQUEIRA.</span><span style="font-size:36.0pt;line-height:115%"><o:p></o:p></span></p>\n\n<p class="MsoNormal"><span style="font-size:22.0pt;line-height:115%">&nbsp;</span><span style="font-size:24.0pt;\nline-height:115%">TROCA POR IMOVEL DE MENOR VALOR<o:p></o:p></span></p>\n\n<p class="MsoNormal"><span style="font-size:36.0pt;line-height:115%">VALOR:R$ 350,000\n</span><span style="font-size:26.0pt;line-height:115%">NEGOCIAVEL<o:p></o:p></span></p>', 0, 0, 350000.00, 1, '2017-05-15 10:37:45', ''),
	(77, 7, 3, 'Ref 218', '', 0, 0, 0, '324 m2', 0, '<p class="MsoNormal"><span style="font-size: medium;"><span style="line-height: 115%;">VENDE LOTE</span><span style="line-height: 115%;"> <o:p></o:p></span></span></p>\n\n<p class="MsoNormal"><span style="line-height: 115%; font-size: medium;">AV. JOAQUIM\nCOUTO<o:p></o:p></span></p>\n\n<p class="MsoNormal"><span style="line-height: 115%;"><span style="font-size: medium;">12,00 X\n27,00 = 324,00 M²</span><span style="font-size: 28pt;"><o:p></o:p></span></span></p>\n\n<p class="MsoNormal"><span style="font-size:28.0pt;line-height:115%"><o:p>&nbsp;</o:p></span></p>', 0, 0, 125000.00, 1, '2017-05-24 09:23:06', ''),
	(78, 7, 10, 'Ref 227', '', 0, 0, 0, '390 m2', 0, '<p class="MsoNormal"><b><i><u><span style="line-height: 115%;"><span style="font-size: medium;">LOTE MEIA PRAIA<o:p></o:p></span></span></u></i></b></p>\n\n<p class="MsoNormal"><o:p style="font-size: medium;">&nbsp;</o:p></p>\n\n<p class="MsoNormal"><i><span style="line-height: 115%; font-size: medium;">FRENTE PARA DUAS RUAS<o:p></o:p></span></i></p>\n\n<p class="MsoNormal"><i><span style="line-height: 115%;"><span style="font-size: medium;">13 X 30&nbsp;</span><span style="font-size: 36pt;"><o:p></o:p></span></span></i></p>', 0, 0, 170000.00, 1, '2017-05-24 09:40:36', ''),
	(38, 2, 3, 'ref: 417 casa', 'não disponivel', 3, 0, 3, '0000', 2, '<p class="MsoNormal"><span style="font-size:18.0pt;line-height:115%">REF:<b>417</b></span><b> &nbsp;&nbsp;&nbsp;&nbsp;&nbsp;&nbsp;&nbsp;</b><b><span style="font-size:26.0pt;line-height:115%">02 OTIMAS CASAS</span></b><span style="font-size:18.0pt;line-height:115%"> </span><b><span style="font-size:26.0pt;line-height:115%">VENDE</span></b><span style="font-size:18.0pt;line-height:115%"><o:p></o:p></span></p>\n\n<p class="MsoNormal"><b><span style="font-size:20.0pt;line-height:115%">A 400 M DO MAR</span></b><span style="font-size:20.0pt;line-height:115%">, CASA BAIXA CONTEM 03 QUARTOS 02\nBANHEIROS MAIS DEPENFDENCIAS<o:p></o:p></span></p>\n\n<p class="MsoNormal"><span style="font-size:20.0pt;line-height:115%">CASA DE 02\nPISOS CONTEM, 01 SUITE, 01 LAVABO, CHURRASQUEIRA, GARAGEM 03 CARROS, PISO EM\nPORCELANATO, SALÃO DE FESTAS<o:p></o:p></span></p>\n\n<p class="MsoNormal"><b><span style="font-size:20.0pt;line-height:115%">DE: R$ 480,000,00 PARA\nNEGOCIAÇÃO&nbsp; ATE 60 MESES,&nbsp;&nbsp; FINANCIAMENTO DIRETO COM PROPRIETARIO<o:p></o:p></span></b></p>\n\n<p class="MsoNormal"><b><i><span style="font-size:20.0pt;line-height:115%">DE: R$ 480.000,00 &nbsp;ESTUDA-SE PROPOSTA&nbsp;&nbsp;&nbsp; (A/C CARRO OU TERRENO) COMO ENTRADA<o:p></o:p></span></i></b></p>', 0, 0, 480000.00, 1, '2017-05-15 10:46:22', ''),
	(52, 2, 3, 'ref: 481 casa', 'não divulgado', 4, 1, 1, '000', 2, '<p class="MsoNormal"><span style="font-size:18.0pt;line-height:115%">REF 481&nbsp; </span><span style="font-size:22.0pt;\nline-height:115%">CASA FRENTE P/ AVENIDA JUVENAL MAFRA</span><span style="font-size:18.0pt;line-height:115%"> </span><span style="font-size:20.0pt;\nline-height:115%">PONTO COMERCIAL</span><span style="font-size:18.0pt;\nline-height:115%"><o:p></o:p></span></p>\n\n<p class="MsoNormal"><span style="font-size:16.0pt;line-height:115%">COM&nbsp; 04 QUARTO 01 SUITE + 02 BWC SOCIAL<o:p></o:p></span></p>\n\n<p class="MsoNormal"><span style="font-size:16.0pt;line-height:115%">SALA DE\nESTAR E JANTAR, COZINHA, VARANDA, GARAGEM P/ 02 CARROS, CHURRASQUEIRA, SISTERNA\n03 MIL LITROS DE AGUA MOTOR AUTOMATICO, ESTRUTURA PARA + 01 PISO <o:p></o:p></span></p>\n\n<p class="MsoNormal"><span style="font-size:16.0pt;line-height:115%">FICAM\nALGUMAS MOBILIAS<o:p></o:p></span></p>\n\n<p class="MsoNormal"><b><span style="font-size:24.0pt;line-height:115%">VALOR: R$ 590.000,00&nbsp;&nbsp;&nbsp; <o:p></o:p></span></b></p>\n\n<p class="MsoNormal"><span style="font-size:20.0pt;line-height:115%">PONTO\nCOMERCIAL E RESIDENCIAL<o:p></o:p></span></p>\n\n<p class="MsoNormal"><span style="font-size:20.0pt;line-height:115%">NEGOCIAVEL\nTROCA POR CASA OU APARTAMENTO DE MENOR VALOR<o:p></o:p></span></p>', 0, 0, 590000.00, 1, '2017-05-15 15:14:54', ''),
	(53, 4, 3, 'ref: 463 sobrado', 'não disponivel', 4, 0, 1, '280', 2, '<p class="MsoNormal"><span style="font-size:18.0pt;line-height:115%">REF: 463</span>\n&nbsp;&nbsp;<span style="font-size:22.0pt;line-height:115%">LINDA CASA COSTÃO FRENTE PRAIA</span><o:p></o:p></p>\n\n<p class="MsoNormal"><span style="font-size:20.0pt;line-height:115%">COM PISCINA,\nTERRAÇO, SACADAS, 02 BANHEIROS<o:p></o:p></span></p>\n\n<p class="MsoNormal"><span style="font-size:20.0pt;line-height:115%">04\nQUARTOS&nbsp; 01 COM HIDRO MASSAGEM<o:p></o:p></span></p>\n\n<p class="MsoNormal"><span style="font-size:20.0pt;line-height:115%">AREA DE\nFESTAS, SALA, COZINHA, LAVAÇÃO<o:p></o:p></span></p>\n\n<p class="MsoNormal"><span style="font-size:20.0pt;line-height:115%">GARAGEM P/03\nCARROS<o:p></o:p></span></p>\n\n<p class="MsoNormal"><span style="font-size:20.0pt;line-height:115%">Casa 280\nm²&nbsp; lote 640 m²<o:p></o:p></span></p>\n\n<b><span style="font-size:26.0pt;\nline-height:115%;font-family:&quot;Calibri&quot;,&quot;sans-serif&quot;;mso-ascii-theme-font:minor-latin;\nmso-fareast-font-family:Calibri;mso-fareast-theme-font:minor-latin;mso-hansi-theme-font:\nminor-latin;mso-bidi-font-family:&quot;Times New Roman&quot;;mso-bidi-theme-font:minor-bidi;\nmso-ansi-language:PT-BR;mso-fareast-language:EN-US;mso-bidi-language:AR-SA">VALOR:\n1.200,000,00</span></b><span style="font-size:26.0pt;line-height:115%;\nfont-family:&quot;Calibri&quot;,&quot;sans-serif&quot;;mso-ascii-theme-font:minor-latin;mso-fareast-font-family:\nCalibri;mso-fareast-theme-font:minor-latin;mso-hansi-theme-font:minor-latin;\nmso-bidi-font-family:&quot;Times New Roman&quot;;mso-bidi-theme-font:minor-bidi;\nmso-ansi-language:PT-BR;mso-fareast-language:EN-US;mso-bidi-language:AR-SA">&nbsp;&nbsp;&nbsp;&nbsp;&nbsp;&nbsp;&nbsp;&nbsp;&nbsp;&nbsp;&nbsp;&nbsp;&nbsp;&nbsp;&nbsp;&nbsp;&nbsp;&nbsp;&nbsp;&nbsp;&nbsp;&nbsp;&nbsp;&nbsp; </span><span style="font-size:24.0pt;line-height:115%;font-family:&quot;Calibri&quot;,&quot;sans-serif&quot;;\nmso-ascii-theme-font:minor-latin;mso-fareast-font-family:Calibri;mso-fareast-theme-font:\nminor-latin;mso-hansi-theme-font:minor-latin;mso-bidi-font-family:&quot;Times New Roman&quot;;\nmso-bidi-theme-font:minor-bidi;mso-ansi-language:PT-BR;mso-fareast-language:\nEN-US;mso-bidi-language:AR-SA">ACEITA TROCA POR APARTAMENTO</span>', 0, 0, 1200000.00, 1, '2017-05-15 15:19:28', ''),
	(54, 3, 62, 'ref: 489 Sito em Pedreiras', 'não disponivel', 2, 0, 1, '19740', 1, '<p class="MsoNormal"><span style="font-size:18.0pt;line-height:115%">REF: 489</span><span style="font-size:26.0pt;line-height:115%"> SITIO EM PEDREIRAS<o:p></o:p></span></p>\n\n<p class="MsoNormal"><span style="font-size:26.0pt;line-height:115%">COM &nbsp;&nbsp;19.815,00 M²<o:p></o:p></span></p>\n\n<p class="MsoNormal"><span style="font-size:26.0pt;line-height:115%">COM UMA CASA\nDE ALVENARIA<o:p></o:p></span></p>\n\n<p class="MsoNormal"><span style="font-size:26.0pt;line-height:115%">AREA DE 28,20\nMETROS DE FRENTE POR 700,00 METROS &nbsp;DE\nFUNDOS<o:p></o:p></span></p>\n\n<p class="MsoNormal"><span style="font-size:26.0pt;line-height:115%">ACEITA TROCA\nPOR CASA OU TERRENO NA REGIÃO<o:p></o:p></span></p>\n\n<p class="MsoNormal"><b><span style="font-size:26.0pt;line-height:115%">VALOR: A CONSULTAR&nbsp;<o:p></o:p></span></b></p>', 0, 0, 0.00, 1, '2017-05-15 15:25:44', ''),
	(55, 1, 3, 'ref: 535 aparttamento', 'não disponivel', 2, 0, 1, '00', 1, '<span style="font-size:10.0pt;line-height:115%;\nfont-family:&quot;Arial&quot;,&quot;sans-serif&quot;;mso-fareast-font-family:&quot;Times New Roman&quot;;\nmso-ansi-language:PT-BR;mso-fareast-language:PT-BR;mso-bidi-language:AR-SA">Aptº\nEdif. Gabriela - 2º piso Gravata<br>\ncom 02 quartos, sala e cozinha integradas com bwc, sacada e churrasqueira,\nlavação.<br>\n01 vaga de estacionamento no pátio</span>', 0, 0, 160000.00, 1, '2017-05-15 15:41:46', ''),
	(56, 1, 3, 'ref: 526 apartamento', 'não disponivel', 2, 1, 1, '0000', 2, '<p class="MsoNormal" style="margin-bottom:0cm;margin-bottom:.0001pt;line-height:\nnormal"><span style="font-size:10.0pt;font-family:&quot;Arial&quot;,&quot;sans-serif&quot;;\nmso-fareast-font-family:&quot;Times New Roman&quot;;mso-fareast-language:PT-BR">Vende-se\nAptº. na Praia de Gravatá, Residencial Flor de Lotus com 02 quartos, sendo 01\nsuíte, excelente negócio pertinho do mar.</span><span style="font-size:12.0pt;\nfont-family:&quot;Times New Roman&quot;,&quot;serif&quot;;mso-fareast-font-family:&quot;Times New Roman&quot;;\nmso-fareast-language:PT-BR"><o:p></o:p></span></p>\n\n<p class="MsoNormal" style="mso-margin-top-alt:auto;mso-margin-bottom-alt:auto;\nline-height:normal"><span style="font-size:10.0pt;font-family:&quot;Arial&quot;,&quot;sans-serif&quot;;\nmso-fareast-font-family:&quot;Times New Roman&quot;;mso-fareast-language:PT-BR">Última\nUnidade</span><span style="font-size:12.0pt;font-family:&quot;Times New Roman&quot;,&quot;serif&quot;;\nmso-fareast-font-family:&quot;Times New Roman&quot;;mso-fareast-language:PT-BR"><o:p></o:p></span></p>\n\n<span style="font-size:10.0pt;line-height:115%;font-family:&quot;Arial&quot;,&quot;sans-serif&quot;;\nmso-fareast-font-family:&quot;Times New Roman&quot;;mso-ansi-language:PT-BR;mso-fareast-language:\nPT-BR;mso-bidi-language:AR-SA">Financia-se pelo Banco</span>', 0, 0, 258000.00, 1, '2017-05-15 15:44:10', ''),
	(57, 4, 3, 'ref: 470 Sobrado', 'não disponivel', 2, 0, 1, '000', 1, '<p class="MsoNormal" style="margin-top:0cm;margin-right:2.1pt;margin-bottom:0cm;\nmargin-left:2.1pt;margin-bottom:.0001pt;line-height:normal"><span style="font-size:10.0pt;font-family:&quot;Arial&quot;,&quot;sans-serif&quot;;mso-fareast-font-family:\n&quot;Times New Roman&quot;;mso-fareast-language:PT-BR">vende - se 04 apto 02 quartos 01\nbwc sala e cozinha integradas + sacada</span><span style="font-size:10.0pt;\nmso-bidi-font-size:11.0pt;font-family:&quot;Arial&quot;,&quot;sans-serif&quot;;mso-fareast-font-family:\n&quot;Times New Roman&quot;;mso-fareast-language:PT-BR">&nbsp;</span><span style="font-size:10.0pt;font-family:&quot;Arial&quot;,&quot;sans-serif&quot;;mso-fareast-font-family:\n&quot;Times New Roman&quot;;mso-fareast-language:PT-BR"><br>\ne 01 vaga de estacionamento<br>\n<br>\nR$ 150.000,00 cada</span><span style="font-size:12.0pt;font-family:&quot;Times New Roman&quot;,&quot;serif&quot;;\nmso-fareast-font-family:&quot;Times New Roman&quot;;mso-fareast-language:PT-BR"><o:p></o:p></span></p>\n\n<span style="font-size:10.0pt;line-height:115%;font-family:&quot;Arial&quot;,&quot;sans-serif&quot;;\nmso-fareast-font-family:&quot;Times New Roman&quot;;mso-ansi-language:PT-BR;mso-fareast-language:\nPT-BR;mso-bidi-language:AR-SA">R$ 600,00,00 Todos</span>', 0, 0, 150000.00, 1, '2017-05-15 15:46:43', ''),
	(58, 4, 3, 'ref: 466 apartamento', 'não disponivel', 2, 0, 1, '72', 1, '<p class="MsoNormal" style="margin-top:0cm;margin-right:2.1pt;margin-bottom:0cm;\nmargin-left:2.1pt;margin-bottom:.0001pt;line-height:normal"><span style="font-size:10.0pt;font-family:&quot;Arial&quot;,&quot;sans-serif&quot;;mso-fareast-font-family:\n&quot;Times New Roman&quot;;mso-fareast-language:PT-BR">Apartamento com 02 quartos, 01 BWC,\ncozinha, sala, e copa integradas, sacada com churrasqueira e estacionamento.</span><span style="font-size:12.0pt;font-family:&quot;Times New Roman&quot;,&quot;serif&quot;;mso-fareast-font-family:\n&quot;Times New Roman&quot;;mso-fareast-language:PT-BR"><o:p></o:p></span></p>\n\n<p class="MsoNormal" style="margin-top:0cm;margin-right:2.1pt;margin-bottom:0cm;\nmargin-left:2.1pt;margin-bottom:.0001pt;line-height:normal"><span style="font-size:10.0pt;font-family:&quot;Arial&quot;,&quot;sans-serif&quot;;mso-fareast-font-family:\n&quot;Times New Roman&quot;;mso-fareast-language:PT-BR">Aptº com 72 m²</span><span style="font-size:12.0pt;font-family:&quot;Times New Roman&quot;,&quot;serif&quot;;mso-fareast-font-family:\n&quot;Times New Roman&quot;;mso-fareast-language:PT-BR"><o:p></o:p></span></p>\n\n<p class="MsoNormal" style="margin-top:0cm;margin-right:2.1pt;margin-bottom:0cm;\nmargin-left:2.1pt;margin-bottom:.0001pt;line-height:normal"><span style="font-size:10.0pt;font-family:&quot;Arial&quot;,&quot;sans-serif&quot;;mso-fareast-font-family:\n&quot;Times New Roman&quot;;mso-fareast-language:PT-BR">Praia de Gravatá.</span><span style="font-size:12.0pt;font-family:&quot;Times New Roman&quot;,&quot;serif&quot;;mso-fareast-font-family:\n&quot;Times New Roman&quot;;mso-fareast-language:PT-BR"><o:p></o:p></span></p>\n\n<span style="font-size:10.0pt;line-height:115%;font-family:&quot;Arial&quot;,&quot;sans-serif&quot;;\nmso-fareast-font-family:&quot;Times New Roman&quot;;mso-ansi-language:PT-BR;mso-fareast-language:\nPT-BR;mso-bidi-language:AR-SA">Financia-se pelo Banco.</span>', 0, 0, 150000.00, 1, '2017-05-15 15:49:01', ''),
	(59, 1, 3, 'ref: 462 apartamento', 'não disponivel', 2, 1, 2, '', 2, '<p class="MsoNormal" style="mso-margin-top-alt:auto;margin-right:2.1pt;\nmso-margin-bottom-alt:auto;margin-left:2.1pt;line-height:normal"><span style="font-size:10.0pt;font-family:&quot;Arial&quot;,&quot;sans-serif&quot;;mso-fareast-font-family:\n&quot;Times New Roman&quot;;mso-fareast-language:PT-BR">Apartamento contendo 02 quartos,\nsendo 01 suíte, sala,&nbsp; copa, 01 bwc social.</span><span style="font-size:\n10.0pt;mso-bidi-font-size:11.0pt;font-family:&quot;Arial&quot;,&quot;sans-serif&quot;;mso-fareast-font-family:\n&quot;Times New Roman&quot;;mso-fareast-language:PT-BR">&nbsp;</span><span style="font-size:10.0pt;font-family:&quot;Arial&quot;,&quot;sans-serif&quot;;mso-fareast-font-family:\n&quot;Times New Roman&quot;;mso-fareast-language:PT-BR"><br>\ncozinha, lavação, churrasqueira na sacada , garagem p/ 02 carros<br>\nficam alguns moveis.</span><span style="font-size:12.0pt;font-family:&quot;Times New Roman&quot;,&quot;serif&quot;;\nmso-fareast-font-family:&quot;Times New Roman&quot;;mso-fareast-language:PT-BR"><o:p></o:p></span></p>\n\n<span style="font-size:10.0pt;line-height:115%;font-family:&quot;Arial&quot;,&quot;sans-serif&quot;;\nmso-fareast-font-family:&quot;Times New Roman&quot;;mso-ansi-language:PT-BR;mso-fareast-language:\nPT-BR;mso-bidi-language:AR-SA">Aptº no 4º lateral, prédio frente para o mar.</span><span style="font-size:12.0pt;line-height:115%;font-family:&quot;Times New Roman&quot;,&quot;serif&quot;;\nmso-fareast-font-family:&quot;Times New Roman&quot;;mso-ansi-language:PT-BR;mso-fareast-language:\nPT-BR;mso-bidi-language:AR-SA"><br>\n<!--[if !supportLineBreakNewLine]--><br>\n<!--[endif]--></span>', 0, 0, 380000.00, 1, '2017-05-15 15:51:37', ''),
	(60, 1, 3, 'ref: 450 Apartamento', 'não disponivel', 2, 0, 1, '000', 1, '<span style="font-size:10.0pt;line-height:115%;\nfont-family:&quot;Arial&quot;,&quot;sans-serif&quot;;mso-fareast-font-family:&quot;Times New Roman&quot;;\nmso-ansi-language:PT-BR;mso-fareast-language:PT-BR;mso-bidi-language:AR-SA">vende-se\napartamento contendo 02 quartos, 01 bwc, cozinha copa e sala integrados,</span><span style="font-size:10.0pt;mso-bidi-font-size:11.0pt;line-height:115%;font-family:\n&quot;Arial&quot;,&quot;sans-serif&quot;;mso-fareast-font-family:&quot;Times New Roman&quot;;mso-ansi-language:\nPT-BR;mso-fareast-language:PT-BR;mso-bidi-language:AR-SA">&nbsp;</span><span style="font-size:10.0pt;line-height:115%;font-family:&quot;Arial&quot;,&quot;sans-serif&quot;;\nmso-fareast-font-family:&quot;Times New Roman&quot;;mso-ansi-language:PT-BR;mso-fareast-language:\nPT-BR;mso-bidi-language:AR-SA"><br>\nsacada e lavação, vaga de estacionamento, água, luz, gás individual, entrada\npara tv e ar split.</span>', 0, 0, 160000.00, 1, '2017-05-15 15:53:44', ''),
	(61, 1, 3, 'ref: 447 apartamento', 'não disponivel', 2, 0, 1, '00', 1, '<p class="MsoNormal" style="margin-top:0cm;margin-right:2.1pt;margin-bottom:0cm;\nmargin-left:2.1pt;margin-bottom:.0001pt;line-height:normal"><span style="font-size:10.0pt;font-family:&quot;Arial&quot;,&quot;sans-serif&quot;;mso-fareast-font-family:\n&quot;Times New Roman&quot;;mso-fareast-language:PT-BR">Apartamento de frente para a Av.\nRadial Ivo Silveira, com 02 quartos, cozinha e sala integrada, 01 BWC, sacada\ncom churrasqueira, lavação, 01 vaga de garagem.</span><span style="font-size:\n12.0pt;font-family:&quot;Times New Roman&quot;,&quot;serif&quot;;mso-fareast-font-family:&quot;Times New Roman&quot;;\nmso-fareast-language:PT-BR"><o:p></o:p></span></p>\n\n<p class="MsoNormal" style="margin-top:0cm;margin-right:2.1pt;margin-bottom:0cm;\nmargin-left:2.1pt;margin-bottom:.0001pt;line-height:normal"><span style="font-size:10.0pt;font-family:&quot;Arial&quot;,&quot;sans-serif&quot;;mso-fareast-font-family:\n&quot;Times New Roman&quot;;mso-fareast-language:PT-BR">Praia de Gravata.</span><span style="font-size:12.0pt;font-family:&quot;Times New Roman&quot;,&quot;serif&quot;;mso-fareast-font-family:\n&quot;Times New Roman&quot;;mso-fareast-language:PT-BR"><o:p></o:p></span></p>\n\n<span style="font-size:10.0pt;line-height:115%;font-family:&quot;Arial&quot;,&quot;sans-serif&quot;;\nmso-fareast-font-family:&quot;Times New Roman&quot;;mso-ansi-language:PT-BR;mso-fareast-language:\nPT-BR;mso-bidi-language:AR-SA">A vista estuda-se descontos, ou financiado pelo\nbanco.</span>', 0, 0, 0.00, 1, '2017-05-15 15:55:38', ''),
	(62, 2, 3, 'ref: 520 casa', 'não disponivel', 2, 1, 1, '000', 2, '<span style="font-size:10.0pt;line-height:115%;\nfont-family:&quot;Arial&quot;,&quot;sans-serif&quot;;mso-fareast-font-family:&quot;Times New Roman&quot;;\nmso-ansi-language:PT-BR;mso-fareast-language:PT-BR;mso-bidi-language:AR-SA">Vende-se\ncasa nova com 01 suíte + 02 quartos + bwc social, cozinha, copa, sala, lavação,\nárea de festa com churrasqueira e garagem.</span>', 0, 0, 360000.00, 1, '2017-05-15 15:57:38', ''),
	(63, 2, 3, 'ref: 515 casa', 'não disponivel', 3, 0, 2, '0000', 1, '<p class="MsoNormal" style="margin-top:0cm;margin-right:2.1pt;margin-bottom:0cm;\nmargin-left:2.1pt;margin-bottom:.0001pt;line-height:normal"><span style="font-size:10.0pt;font-family:&quot;Arial&quot;,&quot;sans-serif&quot;;mso-fareast-font-family:\n&quot;Times New Roman&quot;;mso-fareast-language:PT-BR">Vende-se casa com 03 quartos,\ncozinha, sala, 01 bwc, fogão a lenha,<br>\nárea de churrasqueira, garagem para 02 carros.<br>\nTerreno para duas ruas.</span><span style="font-size:12.0pt;font-family:&quot;Times New Roman&quot;,&quot;serif&quot;;\nmso-fareast-font-family:&quot;Times New Roman&quot;;mso-fareast-language:PT-BR"><o:p></o:p></span></p>\n\n<p class="MsoNormal" style="margin-top:0cm;margin-right:2.1pt;margin-bottom:0cm;\nmargin-left:2.1pt;margin-bottom:.0001pt;line-height:normal"><span style="font-size:10.0pt;font-family:&quot;Arial&quot;,&quot;sans-serif&quot;;mso-fareast-font-family:\n&quot;Times New Roman&quot;;mso-fareast-language:PT-BR">Medindo 12 mts R. Francisco\nSchimidt</span><span style="font-size:12.0pt;font-family:&quot;Times New Roman&quot;,&quot;serif&quot;;\nmso-fareast-font-family:&quot;Times New Roman&quot;;mso-fareast-language:PT-BR"><o:p></o:p></span></p>\n\n<p class="MsoNormal" style="margin-top:0cm;margin-right:2.1pt;margin-bottom:0cm;\nmargin-left:2.1pt;margin-bottom:.0001pt;line-height:normal"><span style="font-size:10.0pt;font-family:&quot;Arial&quot;,&quot;sans-serif&quot;;mso-fareast-font-family:\n&quot;Times New Roman&quot;;mso-fareast-language:PT-BR">Medindo 12 mts R. Aparício José\nMafra,</span><span style="font-size:12.0pt;font-family:&quot;Times New Roman&quot;,&quot;serif&quot;;\nmso-fareast-font-family:&quot;Times New Roman&quot;;mso-fareast-language:PT-BR"><o:p></o:p></span></p>\n\n<span style="font-size:10.0pt;line-height:115%;font-family:&quot;Arial&quot;,&quot;sans-serif&quot;;\nmso-fareast-font-family:&quot;Times New Roman&quot;;mso-ansi-language:PT-BR;mso-fareast-language:\nPT-BR;mso-bidi-language:AR-SA">nas laterais com 40,50 mts = 486 m²</span>', 0, 0, 300000.00, 1, '2017-05-15 15:59:37', ''),
	(64, 2, 3, 'ref: 498 casa', 'não disponivel', 3, 0, 0, '000', 1, '<p class="MsoNormal" style="margin-top:0cm;margin-right:2.1pt;margin-bottom:0cm;\nmargin-left:2.1pt;margin-bottom:.0001pt;line-height:normal"><span style="font-size:10.0pt;font-family:&quot;Arial&quot;,&quot;sans-serif&quot;;mso-fareast-font-family:\n&quot;Times New Roman&quot;;mso-fareast-language:PT-BR">endo 3 quartos, sala, cozinha,\nlavação, 1 BWC.</span><span style="font-size:12.0pt;font-family:&quot;Times New Roman&quot;,&quot;serif&quot;;\nmso-fareast-font-family:&quot;Times New Roman&quot;;mso-fareast-language:PT-BR"><o:p></o:p></span></p>\n\n<span style="font-size:10.0pt;line-height:115%;font-family:&quot;Arial&quot;,&quot;sans-serif&quot;;\nmso-fareast-font-family:&quot;Times New Roman&quot;;mso-ansi-language:PT-BR;mso-fareast-language:\nPT-BR;mso-bidi-language:AR-SA">Terreno com 19.00 x 30.00 = 570 m².</span>', 0, 0, 190000.00, 1, '2017-05-15 16:01:19', ''),
	(65, 2, 3, 'ref: 483 casa', 'não disponivel', 2, 0, 0, '00', 1, '<p class="MsoNormal" style="margin-top:0cm;margin-right:2.1pt;margin-bottom:0cm;\nmargin-left:2.1pt;margin-bottom:.0001pt;line-height:normal"><span style="font-size:10.0pt;font-family:&quot;Arial&quot;,&quot;sans-serif&quot;;mso-fareast-font-family:\n&quot;Times New Roman&quot;;mso-fareast-language:PT-BR">Casa mista com 02 quartos, sala,\ncozinha,</span><span style="font-size:12.0pt;font-family:&quot;Times New Roman&quot;,&quot;serif&quot;;\nmso-fareast-font-family:&quot;Times New Roman&quot;;mso-fareast-language:PT-BR"><o:p></o:p></span></p>\n\n<span style="font-size:10.0pt;line-height:115%;font-family:&quot;Arial&quot;,&quot;sans-serif&quot;;\nmso-fareast-font-family:&quot;Times New Roman&quot;;mso-ansi-language:PT-BR;mso-fareast-language:\nPT-BR;mso-bidi-language:AR-SA">01 bwc.<br>\nTerreno com 13,00 x 25,00 mts = 325m²<br>\nFrente para a Av Joaquim Couto no Gravatá</span>', 0, 0, 195000.00, 1, '2017-05-15 16:03:22', ''),
	(66, 2, 3, 'ref: 468 casa', 'não disponivel', 2, 1, 1, '0000', 2, '<span style="font-size:10.0pt;line-height:115%;\nfont-family:&quot;Arial&quot;,&quot;sans-serif&quot;;mso-fareast-font-family:&quot;Times New Roman&quot;;\nmso-ansi-language:PT-BR;mso-fareast-language:PT-BR;mso-bidi-language:AR-SA">Vende-se\ncasa, contendo 01 suíte, + 02 quartos, + 01 BWC social, ampla sala, ampla\ncozinha, área de festas com churrasqueira, garagem, pátio nos fundos e lavação.</span>', 0, 0, 450000.00, 1, '2017-05-15 16:05:36', ''),
	(67, 4, 3, 'ref: 453 Galpão', 'não disponivel', 2, 0, 1, '000', 2, '<span style="font-size:10.0pt;line-height:115%;\nfont-family:&quot;Arial&quot;,&quot;sans-serif&quot;;mso-fareast-font-family:&quot;Times New Roman&quot;;\nmso-ansi-language:PT-BR;mso-fareast-language:PT-BR;mso-bidi-language:AR-SA">galpão\n90 m² , casa contendo 02 quartos, 02 banheiros , escritório, sala, cozinha. e\ngaragem p/ 03 carros,<br>\nsobrado: em baixo 01 suíte, em cima uma suíte,+ cozinha e sala integradas<br>&nbsp;&nbsp;</span>', 0, 0, 380000.00, 1, '2017-05-15 16:09:06', ''),
	(68, 2, 3, 'ref: 413 casa', 'não disponivel', 4, 0, 1, '000', 3, '<span style="font-size:10.0pt;line-height:115%;\nfont-family:&quot;Arial&quot;,&quot;sans-serif&quot;;mso-fareast-font-family:&quot;Times New Roman&quot;;\nmso-ansi-language:PT-BR;mso-fareast-language:PT-BR;mso-bidi-language:AR-SA">Vende-se\ncasa contendo 04 quartos, 03 BWC, lavação, garagem, estacionamento para 05\ncarros, churrasqueira, varanda. Ficam os móveis. Há 390 mts do mar na Praia de\nGravatá.</span>', 0, 0, 270000.00, 1, '2017-05-15 16:11:18', ''),
	(69, 2, 3, 'ref: 412 casa', 'não disponivel', 4, 0, 1, '0000', 1, '<p class="MsoNormal" style="margin-top:0cm;margin-right:2.1pt;margin-bottom:0cm;\nmargin-left:2.1pt;margin-bottom:.0001pt;line-height:normal"><span style="font-size:10.0pt;font-family:&quot;Arial&quot;,&quot;sans-serif&quot;;mso-fareast-font-family:\n&quot;Times New Roman&quot;;mso-fareast-language:PT-BR">Casa averbada para financiamento\ncom 04 quartos, sala, cozinha, 01 BWC, lavação garagem coberta para 03 carros.</span><span style="font-size:12.0pt;font-family:&quot;Times New Roman&quot;,&quot;serif&quot;;mso-fareast-font-family:\n&quot;Times New Roman&quot;;mso-fareast-language:PT-BR"><o:p></o:p></span></p>\n\n<p class="MsoNormal" style="margin-top:0cm;margin-right:2.1pt;margin-bottom:0cm;\nmargin-left:2.1pt;margin-bottom:.0001pt;line-height:normal"><span style="font-size:10.0pt;font-family:&quot;Arial&quot;,&quot;sans-serif&quot;;mso-fareast-font-family:\n&quot;Times New Roman&quot;;mso-fareast-language:PT-BR">Fundos área com churrasqueira,\ndispensa, 01 BWC.</span><span style="font-size:12.0pt;font-family:&quot;Times New Roman&quot;,&quot;serif&quot;;\nmso-fareast-font-family:&quot;Times New Roman&quot;;mso-fareast-language:PT-BR"><o:p></o:p></span></p>\n\n<p class="MsoNormal" style="margin-top:0cm;margin-right:2.1pt;margin-bottom:0cm;\nmargin-left:2.1pt;margin-bottom:.0001pt;line-height:normal"><span style="font-size:10.0pt;font-family:&quot;Arial&quot;,&quot;sans-serif&quot;;mso-fareast-font-family:\n&quot;Times New Roman&quot;;mso-fareast-language:PT-BR">Aceita financiamento.</span><span style="font-size:12.0pt;font-family:&quot;Times New Roman&quot;,&quot;serif&quot;;mso-fareast-font-family:\n&quot;Times New Roman&quot;;mso-fareast-language:PT-BR"><o:p></o:p></span></p>\n\n<p class="MsoNormal" style="margin-top:0cm;margin-right:2.1pt;margin-bottom:0cm;\nmargin-left:2.1pt;margin-bottom:.0001pt;line-height:normal"><span style="font-size:10.0pt;font-family:&quot;Arial&quot;,&quot;sans-serif&quot;;mso-fareast-font-family:\n&quot;Times New Roman&quot;;mso-fareast-language:PT-BR">02 lotes com 12 x 32 = 768m².</span><span style="font-size:12.0pt;font-family:&quot;Times New Roman&quot;,&quot;serif&quot;;mso-fareast-font-family:\n&quot;Times New Roman&quot;;mso-fareast-language:PT-BR"><o:p></o:p></span></p>\n\n<p class="MsoNormal" style="margin-top:0cm;margin-right:2.1pt;margin-bottom:0cm;\nmargin-left:2.1pt;margin-bottom:.0001pt;line-height:normal"><span style="font-size:10.0pt;font-family:&quot;Arial&quot;,&quot;sans-serif&quot;;mso-fareast-font-family:\n&quot;Times New Roman&quot;;mso-fareast-language:PT-BR">Vende-se o lote de esquina\nseparado R$ 200.000,00.</span><span style="font-size:12.0pt;font-family:&quot;Times New Roman&quot;,&quot;serif&quot;;\nmso-fareast-font-family:&quot;Times New Roman&quot;;mso-fareast-language:PT-BR"><o:p></o:p></span></p>\n\n<span style="font-size:10.0pt;line-height:115%;font-family:&quot;Arial&quot;,&quot;sans-serif&quot;;\nmso-fareast-font-family:&quot;Times New Roman&quot;;mso-ansi-language:PT-BR;mso-fareast-language:\nPT-BR;mso-bidi-language:AR-SA">Casa separada com lote valor R$ 550.000,00..</span>', 0, 0, 550000.00, 1, '2017-05-15 16:13:44', ''),
	(70, 4, 3, 'ref: 196 Sobrado', 'não disponivel', 3, 3, 2, '240', 3, '<span style="font-size:10.0pt;line-height:115%;\nfont-family:&quot;Arial&quot;,&quot;sans-serif&quot;;mso-fareast-font-family:&quot;Times New Roman&quot;;\nmso-ansi-language:PT-BR;mso-fareast-language:PT-BR;mso-bidi-language:AR-SA">Casa\nde 2 pisos toda com acabamento em gesso, jardim com paisagismo e cascata com\npeixes. Em cima: 03 suítes, sendo 02 com closet. Em baixo: garagem para 02\ncarros, ampla sala, escritório, 01 quarto, 01 BWC e lavanderia. Fundos:\npiscina, salão de festas, 01 quarto, 01 BWC, dispensa. Casa com 240 m² de área\nútil, lote 12x30. Área nobre em Gravatá.</span>', 0, 0, 650000.00, 1, '2017-05-15 16:16:08', ''),
	(71, 1, 2, 'ref: 426 Hotel', 'não disponivel', 24, 24, 30, '300', 24, '<span style="font-size:10.0pt;line-height:115%;\nfont-family:&quot;Arial&quot;,&quot;sans-serif&quot;;mso-fareast-font-family:&quot;Times New Roman&quot;;\nmso-ansi-language:PT-BR;mso-fareast-language:PT-BR;mso-bidi-language:AR-SA">Hotel\ncom 24 apartamentos, contando bwc e ar condicionado, tv de 32 polegadas em cada\nquarto, portaria, hall de entrada, corredores, cozinha, lavanderia, garagem,\nrecepção, câmeras de monitoramento. Casa ao lado para moradia muito boa. Sala\ncomercial com 100 m², e co outra com 300 m² (alugadas)&nbsp; para rua principal\nno Centro Comercial&nbsp; do Bairro São Domingos.&nbsp; Negocia-se e aceita-se\npropostas. Renda Garantida.</span>', 0, 0, 2700000.00, 1, '2017-05-15 16:18:15', ''),
	(72, 3, 3, 'ref: 522 Sitio', 'não sisponivel', 2, 0, 1, '12000', 1, '<span style="font-size:10.0pt;line-height:115%;\nfont-family:&quot;Arial&quot;,&quot;sans-serif&quot;;mso-fareast-font-family:&quot;Times New Roman&quot;;\nmso-ansi-language:PT-BR;mso-fareast-language:PT-BR;mso-bidi-language:AR-SA">Vende-se\nou Troca-se Sítio em Brusque com 12 mil m², aceita-se troca por casa em\nGravatá. Contém uma casa, galpão, lagoa de peixe, pomar de frutas, água de\ncachoeira.</span>', 0, 0, 280000.00, 1, '2017-05-15 16:26:04', ''),
	(140, 1, 3, 'APARTAMENTO REF 567', 'NAO', 2, 1, 1, '80', 2, 'APARTAMENTO COM:<div>2 DORMITÓRIOS SENDO 1 SUÍTE&nbsp;</div><div>SALA E COZINHA EM CONCEITO ABERTO</div><div>BWC SOCIAL</div><div>SACADA COM CHURRASQUEIRA&nbsp;</div><div>LAVANDERIA&nbsp;</div><div>1 VAGA DE GARAGEM&nbsp;</div><div>VALOR: R$ 300.000,00</div>', 0, 0, 300000.00, 1, '2017-06-06 15:45:15', ''),
	(142, 7, 5, 'REF 230 LOTE', 'NÃO IDENTIFICADO ', 0, 0, 0, '320,40', 0, 'REF. 230&nbsp;<div><br></div><div>LOTE A VENDA</div><div>PRAIA DE SÃO MIGUEL ( PENHA)</div><div>DIMENSÃO 12,00 X 26,70 = 320,40 M²</div><div><br></div><div>VALOR DE VENDA: R$ 110.000,00</div><div><br></div>', 0, 0, 110000.00, 1, '2017-06-16 15:22:03', ''),
	(143, 2, 1, 'REF. 558 CASA', 'NÃO IDENTIFICADO', 3, 0, 0, '75,00', 1, 'CASA REF 558<div><br></div><div>CASA EM ÓTIMO ESTADO, COM:</div><div>3 QUARTOS&nbsp;</div><div>SALA&nbsp;</div><div>COZINHA</div><div>1 BANHEIRO&nbsp;</div><div>TERRENO LIMPO E COM BRITA</div><div>PORTÃO DE PVC</div><div>VALOR: 300.000,00</div>', 0, 0, 300000.00, 1, '2017-06-16 15:27:24', ''),
	(74, 4, 3, 'ref: 537 Sobrado', 'não disponivel', 2, 2, 2, '000', 2, '<p class="MsoNormal" style="margin-top:0cm;margin-right:2.1pt;margin-bottom:0cm;\nmargin-left:2.1pt;margin-bottom:.0001pt;line-height:normal"><b><span style="font-size:10.0pt;font-family:&quot;Arial&quot;,&quot;sans-serif&quot;;mso-fareast-font-family:\n&quot;Times New Roman&quot;;mso-fareast-language:PT-BR">Parte de cima:</span></b><span style="font-size:12.0pt;font-family:&quot;Times New Roman&quot;,&quot;serif&quot;;mso-fareast-font-family:\n&quot;Times New Roman&quot;;mso-fareast-language:PT-BR"><o:p></o:p></span></p>\n\n<p class="MsoNormal" style="margin-top:0cm;margin-right:2.1pt;margin-bottom:0cm;\nmargin-left:2.1pt;margin-bottom:.0001pt;line-height:normal"><span style="font-size:10.0pt;font-family:&quot;Arial&quot;,&quot;sans-serif&quot;;mso-fareast-font-family:\n&quot;Times New Roman&quot;;mso-fareast-language:PT-BR">01 suíte com sacada, + 02 quartos\ncom sacada, + 01 bwc social<br>\n<b>Parte de baixo:</b></span><span style="font-size:12.0pt;font-family:&quot;Times New Roman&quot;,&quot;serif&quot;;\nmso-fareast-font-family:&quot;Times New Roman&quot;;mso-fareast-language:PT-BR"><o:p></o:p></span></p>\n\n<span style="font-size:10.0pt;line-height:115%;font-family:&quot;Arial&quot;,&quot;sans-serif&quot;;\nmso-fareast-font-family:&quot;Times New Roman&quot;;mso-ansi-language:PT-BR;mso-fareast-language:\nPT-BR;mso-bidi-language:AR-SA">Sala, cozinha, área de festa com churrasqueira,\nlavação,<br>\ngaragem para 02 carros<br>\nAlto padrão de construção</span>', 0, 0, 360000.00, 1, '2017-05-15 16:34:52', ''),
	(75, 4, 3, 'ref: 414 Sobrado', 'não disponivel', 3, 0, 1, '00', 1, '<p class="MsoNormal" style="margin-top:0cm;margin-right:2.1pt;margin-bottom:0cm;\nmargin-left:2.1pt;margin-bottom:.0001pt;line-height:normal"><span style="font-size:10.0pt;font-family:&quot;Arial&quot;,&quot;sans-serif&quot;;mso-fareast-font-family:\n&quot;Times New Roman&quot;;mso-fareast-language:PT-BR">Sobrado a 130 mts do mar com 05\napartamentos.</span><span style="font-size:12.0pt;font-family:&quot;Times New Roman&quot;,&quot;serif&quot;;\nmso-fareast-font-family:&quot;Times New Roman&quot;;mso-fareast-language:PT-BR"><o:p></o:p></span></p>\n\n<p class="MsoNormal" style="margin-top:0cm;margin-right:2.1pt;margin-bottom:0cm;\nmargin-left:2.1pt;margin-bottom:.0001pt;line-height:normal"><span style="font-size:10.0pt;font-family:&quot;Arial&quot;,&quot;sans-serif&quot;;mso-fareast-font-family:\n&quot;Times New Roman&quot;;mso-fareast-language:PT-BR">04 com 02 quartos,</span><span style="font-size:12.0pt;font-family:&quot;Times New Roman&quot;,&quot;serif&quot;;mso-fareast-font-family:\n&quot;Times New Roman&quot;;mso-fareast-language:PT-BR"><o:p></o:p></span></p>\n\n<p class="MsoNormal" style="margin-top:0cm;margin-right:2.1pt;margin-bottom:0cm;\nmargin-left:2.1pt;margin-bottom:.0001pt;line-height:normal"><span style="font-size:10.0pt;font-family:&quot;Arial&quot;,&quot;sans-serif&quot;;mso-fareast-font-family:\n&quot;Times New Roman&quot;;mso-fareast-language:PT-BR">01 com 03 quartos.</span><span style="font-size:12.0pt;font-family:&quot;Times New Roman&quot;,&quot;serif&quot;;mso-fareast-font-family:\n&quot;Times New Roman&quot;;mso-fareast-language:PT-BR"><o:p></o:p></span></p>\n\n<p class="MsoNormal" style="margin-top:0cm;margin-right:2.1pt;margin-bottom:0cm;\nmargin-left:2.1pt;margin-bottom:.0001pt;line-height:normal"><span style="font-size:10.0pt;font-family:&quot;Arial&quot;,&quot;sans-serif&quot;;mso-fareast-font-family:\n&quot;Times New Roman&quot;;mso-fareast-language:PT-BR">Terreno com área de 550 m².</span><span style="font-size:12.0pt;font-family:&quot;Times New Roman&quot;,&quot;serif&quot;;mso-fareast-font-family:\n&quot;Times New Roman&quot;;mso-fareast-language:PT-BR"><o:p></o:p></span></p>\n\n<p class="MsoNormal" style="margin-top:0cm;margin-right:2.1pt;margin-bottom:0cm;\nmargin-left:2.1pt;margin-bottom:.0001pt;line-height:normal"><span style="font-size:10.0pt;font-family:&quot;Arial&quot;,&quot;sans-serif&quot;;mso-fareast-font-family:\n&quot;Times New Roman&quot;;mso-fareast-language:PT-BR">Valor Negociável.</span><span style="font-size:12.0pt;font-family:&quot;Times New Roman&quot;,&quot;serif&quot;;mso-fareast-font-family:\n&quot;Times New Roman&quot;;mso-fareast-language:PT-BR"><o:p></o:p></span></p>\n\n<p class="MsoNormal" style="margin-top:0cm;margin-right:2.1pt;margin-bottom:0cm;\nmargin-left:2.1pt;margin-bottom:.0001pt;line-height:normal"><span style="font-size:10.0pt;font-family:&quot;Arial&quot;,&quot;sans-serif&quot;;mso-fareast-font-family:\n&quot;Times New Roman&quot;;mso-fareast-language:PT-BR">Aceita-se imóvel de menor valor.</span><span style="font-size:12.0pt;font-family:&quot;Times New Roman&quot;,&quot;serif&quot;;mso-fareast-font-family:\n&quot;Times New Roman&quot;;mso-fareast-language:PT-BR"><o:p></o:p></span></p>', 0, 0, 0.00, 1, '2017-05-15 16:36:41', ''),
	(76, 7, 3, 'ref 506 lote', '', 0, 0, 0, '350m2', 0, '<p class="MsoNormal"><span style="line-height: 115%; font-size: medium;">LOTE NA\nQUADRA MAR <o:p></o:p></span></p>\n\n<p class="MsoNormal"><span style="line-height: 115%; font-size: medium;">FRENTE&nbsp;&nbsp;&nbsp;&nbsp; 12,50<o:p></o:p></span></p>\n\n<p class="MsoNormal"><span style="line-height: 115%; font-size: medium;">FUNDOS&nbsp;&nbsp; 12,50 <o:p></o:p></span></p>\n\n<p class="MsoNormal"><span style="line-height: 115%; font-size: medium;">LATERAL&nbsp;&nbsp; 29,20<o:p></o:p></span></p>\n\n<p class="MsoNormal"><b><span style="line-height: 115%; font-size: medium;">VALOR: 360, 000,00<o:p></o:p></span></b></p>\n\n<p class="MsoNormal"><b><span style="line-height: 115%;"><span style="font-size: medium;">ESTUDA PROPOSTA &nbsp;&nbsp;&nbsp;PERMUTA POR AREA CONSTRUIDA</span><span style="font-size: 18pt;"><o:p></o:p></span></span></b></p>', 0, 0, 360000.00, 1, '2017-05-24 09:04:02', ''),
	(80, 7, 3, 'Ref 199', '', 0, 0, 0, '543 m²', 0, '<p class="MsoNormal"><span style="font-size: large;"><b><span style="line-height: 115%; font-family: &quot;Times New Roman&quot;, serif;">lote</span></b></span></p>\n\n<p class="MsoNormal"><b><span style="line-height: 115%; font-family: &quot;Times New Roman&quot;, serif; font-size: large;">Próprio\npara um prédio<o:p></o:p></span></b></p>\n\n<p class="MsoNormal"><b><span style="line-height: 115%; font-family: &quot;Times New Roman&quot;, serif; font-size: large;">Já\ncom sondagem feita<o:p></o:p></span></b></p>\n\n<p class="MsoNormal"><b><span style="line-height: 115%; font-family: &quot;Times New Roman&quot;, serif; font-size: large;">Avenida\nRadial Ivo Silveira<o:p></o:p></span></b></p>\n\n<p class="MsoNormal"><b><span style="line-height: 115%; font-family: &quot;Times New Roman&quot;, serif; font-size: large;">Esquina\ncom Rua Paulino Liborio</span></b></p>\n\n<p class="MsoNormal"><b><span style="line-height: 115%; font-family: &quot;Times New Roman&quot;, serif; font-size: large;">Estuda-se\nproposta</span></b><b><span style="font-size:28.0pt;line-height:115%;font-family:&quot;Times New Roman&quot;,&quot;serif&quot;"><o:p></o:p></span></b></p>', 0, 0, 300000.00, 1, '2017-05-24 10:00:32', ''),
	(81, 7, 3, 'ref 202', '', 0, 0, 0, '300 ²', 0, '<p class="MsoNormal"><span style="line-height: 115%; font-size: medium;">LOTE<o:p></o:p></span></p>\n\n<p class="MsoNormal"><span style="line-height: 115%; font-size: medium;">12,00\nMETROS&nbsp; DE FRENTE<o:p></o:p></span></p>\n\n<p class="MsoNormal"><span style="line-height: 115%; font-size: medium;">25,00 METROS\nLATERAL<o:p></o:p></span></p>\n\n<p class="MsoNormal"><span style="line-height: 115%; font-size: medium;">TOTAL =\n300,00 METROS QUADRADOS<o:p></o:p></span></p>\n\n<p class="MsoNormal"><span style="line-height: 115%; font-size: medium;">A 100 METROS\nDA AV PREF J J MAFRA<o:p></o:p></span></p>\n\n<p class="MsoNormal"><o:p style="font-size: medium;">&nbsp;</o:p></p>', 0, 0, 170000.00, 1, '2017-05-24 10:10:11', ''),
	(82, 7, 3, 'Ref 228', '', 0, 0, 0, '300,30 m²', 0, '<p class="MsoNormal"><b><i><u><span style="line-height: 115%; font-size: medium;">LOTE<o:p></o:p></span></u></i></b></p>\n\n<p class="MsoNormal"><b><i><u><span style="line-height: 115%; font-size: medium;">MEDIDAS: 14,30 X 21&nbsp;<o:p></o:p></span></u></i></b></p>\n\n<p class="MsoNormal"><b><i><u><span style="line-height: 115%;"><o:p><span style="text-decoration-line: none; font-size: medium;">&nbsp;</span></o:p></span></u></i></b></p>\n\n<b><i><u><span style="line-height: 115%; font-family: Calibri, sans-serif; font-size: medium;">ATERRADO, RUA CALÇADA, DOIS MUROS PRONTOS</span></u></i></b>', 0, 0, 200000.00, 1, '2017-05-24 10:17:05', ''),
	(83, 2, 3, 'CASA', 'NÃO DISPONIVIL', 2, 0, 6, '00000', 2, '<p class="MsoNormal"><span style="font-size:25.0pt">CASA NA QUADRA DO MAR<o:p></o:p></span></p>\n\n<p class="MsoNormal"><span style="font-size:25.0pt">02 QUARTOS, + 02 SEPARADOS <o:p></o:p></span></p>\n\n<p class="MsoNormal"><span style="font-size:25.0pt">SALA, COZINHA,&nbsp; AREA DE FESTAS, GARAGEM P/ 6 CARROS, <o:p></o:p></span></p>\n\n<p class="MsoNormal"><span style="font-size:25.0pt">02 BANHEIROS, VARANDA,\nCHURRASQUEIRA, E CANIL,<o:p></o:p></span></p>\n\n<p class="MsoNormal"><span style="font-size:25.0pt"><o:p>&nbsp;</o:p></span></p>\n\n<p class="MsoNormal"><span style="font-size:25.0pt">VALOR R$ </span><b><span style="font-size:28.0pt">400.000,00</span></b><span style="font-size:36.0pt"> <o:p></o:p></span></p>\n\n<p class="MsoNormal"><b><span style="font-size:20.0pt">TROCA POR CASA DE MENOR VALOR<o:p></o:p></span></b></p>', 0, 0, 400000.00, 1, '2017-06-02 10:18:01', ''),
	(84, 2, 3, 'CASA rEF 302', 'N DIS', 2, 0, 2, '000', 1, '<p class="MsoNormal"><span style="font-size:22.0pt;line-height:115%">REF : 302 </span><span style="font-size:24.0pt;line-height:115%">VENDE- SE CASA PRÉ FABRICADA NA\n“QUADRA &nbsp;DO MAR” COM 02 QUARTOS, COZINHA\nE SALA CONJUGADAS, + BANHEIRO,GARAGEM, QUIOSQUE COM CHURRASQUIRA,+ COZINHA &nbsp;&nbsp;&nbsp;+ BANHEIRO </span><span style="font-size:\n22.0pt;line-height:115%"><o:p></o:p></span></p>\n\n<p class="MsoNormal"><b><span style="font-size:28.0pt;line-height:115%">VALOR:R$ 370.000,00<o:p></o:p></span></b></p>', 0, 0, 370000.00, 1, '2017-06-02 10:35:45', ''),
	(85, 4, 3, 'REF 346 SOBRADO', 'N IDERN', 2, 1, 2, '0000', 2, '<p class="MsoNormal"><span style="font-size:22.0pt;line-height:115%">REF: 346&nbsp;&nbsp;&nbsp;&nbsp; </span><span style="font-size:28.0pt;\nline-height:115%">CASA</span><span style="font-size:22.0pt;line-height:115%">&nbsp; &nbsp;</span><span style="font-size:28.0pt;line-height:115%">NA QUADRA DO MAR</span><span style="font-size:22.0pt;line-height:115%"><o:p></o:p></span></p>\n\n<p class="MsoNormal"><span style="font-size:22.0pt;line-height:115%">COM 01 SUITE\nCOM AMPLO TERRAÇO<o:p></o:p></span></p>\n\n<p class="MsoNormal"><span style="font-size:22.0pt;line-height:115%">MAIS 02\nQUARTOS, + 02 BANHEIROS,<o:p></o:p></span></p>\n\n<p class="MsoNormal"><span style="font-size:22.0pt;line-height:115%">COZINHA,\nSALA, ESCADA CARACOL, <o:p></o:p></span></p>\n\n<p class="MsoNormal"><span style="font-size:22.0pt;line-height:115%">SALÃO DE\nFESTAS COM CHURRASQUEIRA,<o:p></o:p></span></p>\n\n<p class="MsoNormal"><span style="font-size:22.0pt;line-height:115%">GARAGEM P/\n03 CARROS, AMPLO TERRAÇO NOS FUNDOS, LAVAÇÃO E&nbsp;\nJARDIM.<o:p></o:p></span></p>\n\n<p class="MsoNormal"><b><span style="font-size:28.0pt;line-height:115%">VALOR: 500.000,00&nbsp;<o:p></o:p></span></b></p>', 0, 0, 500000.00, 1, '2017-06-02 10:43:16', ''),
	(136, 1, 3, 'APARTAMENTO REF 631', 'NAO', 3, 3, 1, '120,27', 4, 'APARTAMENTO COM:<div>3 DORMITÓRIOS TODOS SUÍTES&nbsp;</div><div>SALA E COZINHA EM CONCEITO ABERTO&nbsp;</div><div>SACADA COM CHURRASQUEIRA&nbsp;</div><div>GARAGEM&nbsp;</div><div>LAVANDERIA&nbsp;</div><div>VALOR:</div>', 0, 0, 0.00, 1, '2017-06-06 15:00:25', ''),
	(137, 1, 3, 'APARTAMENTO REF 632', 'NAO', 2, 1, 1, '000', 2, 'APARTAMENTO COM:<div>2 DORMITÓRIOS SENDO 1 SUÍTE</div><div>SALA COM COZINHA EM CONCEITO ABERTO&nbsp;</div><div>LAVANDERIA&nbsp;</div><div>SACADA COM CHURRASQUEIRA&nbsp;</div><div>GARAGEM&nbsp;</div><div>VALOR:</div>', 0, 0, 0.00, 1, '2017-06-06 15:03:17', ''),
	(138, 7, 3, 'TERRENO REF 229', 'NAO', 0, 0, 0, '300,30', 0, 'TERRENO REF 229<div>&nbsp;LOTE COM:</div><div>14,30 X 21,00 = 300,30M²</div><div>JÁ ATERRADO</div><div>PRONTO PARA CONSTRUIR&nbsp;</div><div>VALOR: 150.000,00</div>', 0, 0, 150000.00, 1, '2017-06-06 15:30:52', ''),
	(139, 6, 3, 'SITIO REF 562', 'NAO', 2, 0, 1, '75.000', 1, 'SITIO COM:<div>ÁREA DE 75 MIL M²</div><div>2 MIL METROS DO MAR</div><div>LINDA VISTA DO MAR</div><div>ESCRITURADO</div><div>40 MIL M² COM MATA DE COMPENSAÇÃO COM CACHOEIRA E NASCENTE&nbsp;</div><div>2 LAGOAS&nbsp;</div><div>CASA DE MORADIA DE ALVENARIA&nbsp;</div><div><br></div>', 0, 0, 1250000.00, 1, '2017-06-06 15:41:18', ''),
	(87, 7, 3, 'REF 225 LOTE', 'NAO IDN', 0, 0, 0, '348,00', 0, '<p class="MsoNormal"><span style="font-size:28.0pt;line-height:115%">REF 225&nbsp;&nbsp; VENDE LOTE <o:p></o:p></span></p>\n\n<p class="MsoNormal"><span style="font-size:28.0pt;line-height:115%">EM MEIA\nPRAIA NAVEGANTES<o:p></o:p></span></p>\n\n<p class="MsoNormal"><span style="font-size:28.0pt;line-height:115%">12X29 =348\nM²&nbsp;&nbsp; <o:p></o:p></span></p>\n\n<p class="MsoNormal"><span style="font-size:28.0pt;line-height:115%">VALOR:\nR$&nbsp; 95.000,00<o:p></o:p></span></p>', 0, 0, 95000.00, 1, '2017-06-02 10:51:38', ''),
	(88, 7, 3, 'REF 430 LOTE', 'NAO IDNT', 0, 0, 0, '300', 0, '<p class="MsoNormal"><b><span style="font-size:26.0pt;line-height:115%">REF: 430&nbsp;&nbsp; </span></b><span style="font-size:26.0pt;\nline-height:115%">VENDE-SE PEQUENA CASA &nbsp;&nbsp;&nbsp;&nbsp;&nbsp;&nbsp;&nbsp;&nbsp;&nbsp;&nbsp;&nbsp;&nbsp;&nbsp;&nbsp;&nbsp;COM GALPÃO<b><o:p></o:p></b></span></p>\n\n<p class="MsoNormal" align="center" style="text-align:center"><span style="font-size:26.0pt;line-height:115%">LOTE<o:p></o:p></span></p>\n\n<p class="MsoNormal" align="center" style="text-align:center"><span style="font-size:26.0pt;line-height:115%">14,30 METROS DE FRENTE E FUNDOS<o:p></o:p></span></p>\n\n<p class="MsoNormal" align="center" style="text-align:center"><span style="font-size:26.0pt;line-height:115%">21,00 METROS NAS LATERAIS<o:p></o:p></span></p>\n\n<p class="MsoNormal"><b><span style="font-size:26.0pt;line-height:115%"><o:p>&nbsp;</o:p></span></b></p>\n\n<p class="MsoNormal"><b><span style="font-size:26.0pt;line-height:115%">VALOR: 175.000,00<o:p></o:p></span></b></p>', 0, 0, 175000.00, 1, '2017-06-02 10:54:23', ''),
	(132, 1, 3, 'APARTAMENTO REF 627', 'NAO', 1, 1, 1, '66,75', 1, 'APARTAMENTO COM:<div>1 DORMITÓRIO COM SUÍTE&nbsp;</div><div>COZINHA&nbsp;</div><div>SALA E COPA EM CONCEITO ABERTO</div><div>LAVANDERIA&nbsp;</div><div>VALOR:220.259,02</div>', 0, 0, 220259.02, 1, '2017-06-06 14:38:50', ''),
	(133, 4, 3, 'SOBRADO REF 628', 'NAO', 3, 1, 2, '0000', 2, 'SOBRADO COM:<div>3 DORMITÓRIOS SENDO 1 SUÍTE</div><div>LAVABO&nbsp;</div><div>LAVANDERIA</div><div>SALA E COZINHA CONCEITO ABERTO</div><div>GARAGEM PARA 2 CARROS&nbsp;</div><div>ACABAMENTO AUTO PADRÃO</div><div>PORCELANATO</div><div>CHURRASQUEIRA</div><div>VALOR:</div>', 0, 0, 0.00, 1, '2017-06-06 14:44:21', ''),
	(134, 1, 3, 'APARTAMENTO REF 629', 'NAO', 2, 1, 1, '80', 2, 'APARTAMENTO COM:<div>2 DORMITÓRIOS&nbsp;</div><div>COZINHA COM SALA EM CONCEITO ABERTO&nbsp;</div><div>SACADA COM CHURRASQUEIRA&nbsp;</div><div>LAVANDERIA&nbsp;</div><div>1 VAGA DE GARAGEM</div><div>ÁREA DE 80M²&nbsp;</div><div>VALOR:</div><div><br></div>', 0, 0, 0.00, 1, '2017-06-06 14:49:13', ''),
	(135, 1, 3, 'APARTAMENTO REF 630', 'NAO', 2, 1, 1, '72,10', 2, 'APARTAMENTO COM:<div>2 DORMITÓRIOS SENDO 1 SUÍTE</div><div>BANHEIRO</div><div>SALA COM COZINHA CONCEITO ABERTO&nbsp;</div><div>SACADA COM CHURRASQUEIRA&nbsp;</div><div>GARAGEM&nbsp;</div><div>VALOR:272.000,00</div><div><br></div>', 0, 0, 272000.00, 1, '2017-06-06 14:56:16', ''),
	(90, 2, 3, 'REF 487', 'NAO', 2, 0, 1, '0000', 1, '<p class="MsoNormal"><span style="font-size:28.0pt;line-height:115%">REF: 487 &nbsp;VENDE CASA MISTA<o:p></o:p></span></p>\n\n<p class="MsoNormal"><span style="font-size:28.0pt;line-height:115%">AV JOAQUIM\nCOUTO<o:p></o:p></span></p>\n\n<p class="MsoNormal"><span style="font-size:28.0pt;line-height:115%">02 QUARTOS,\n01 BANHEIRO<o:p></o:p></span></p>\n\n<p class="MsoNormal"><span style="font-size:28.0pt;line-height:115%">COZINHA E\nSALA<o:p></o:p></span></p>\n\n<p class="MsoNormal"><span style="font-size:28.0pt;line-height:115%">LOTE 13 X\n25=325 M²<o:p></o:p></span></p>\n\n<p class="MsoNormal"><span style="font-size:28.0pt;line-height:115%">Nos fundos\nmais construção<o:p></o:p></span></p>\n\n<p class="MsoNormal"><b><span style="font-size:28.0pt;line-height:115%">Valor: R$ 195.000,00<o:p></o:p></span></b></p>', 0, 0, 195000.00, 1, '2017-06-02 11:01:32', ''),
	(91, 1, 3, 'REF 539 APARTAMENTO', 'NAO', 2, 0, 1, '89', 1, '<p class="MsoNormal"><b><i><u><span style="font-size:16.0pt;line-height:115%">REF 539&nbsp;&nbsp;&nbsp;&nbsp;&nbsp;&nbsp; </span></u></i></b><b><i><u><span style="font-size:26.0pt;\nline-height:115%">VENDE APARTAMENTOS<o:p></o:p></span></u></i></b></p>\n\n<p class="MsoNormal"><b><i><u><span style="font-size:16.0pt;line-height:115%">3 DORMITÓRIOS:</span></u></i></b><span style="font-size:16.0pt;line-height:115%"> 105m² SENDO UMA SUÍTE + 2\nDEMI-SUITE, 1 BWC SOCIAL + SALA + COZINHA + LAVAÇÃO + SACADA INTEGRADA. <b><i><u>VALOR:\nR$ 475.401,55&nbsp;&nbsp; FINACIAMENTO BANCÁRIO</u></i></b><o:p></o:p></span></p>\n\n<p class="MsoNormal"><b><i><u><span style="font-size:16.0pt;line-height:115%">2 DORMITÓRIOS:</span></u></i></b><span style="font-size:16.0pt;line-height:115%"> 89m² SENDO UMA SUITE, 1 BWC SOCIAL,\n+ SALA, + COZINHA, + LAVAÇÃO, + SACADA INEGRADA &nbsp;&nbsp;&nbsp;&nbsp;&nbsp;&nbsp;&nbsp;&nbsp;&nbsp;&nbsp;&nbsp;&nbsp;<b><i><u>VALOR: &nbsp;R$ 390.741,00 – FINACIAMENTO BANCÁRIO</u></i></b><o:p></o:p></span></p>\n\n<p class="MsoNormal"><span style="font-size:20.0pt;line-height:115%">PISO EM\nPORCELANATO E LAMINADO, PORTAS EM MADEIRA LAQUEADAS, ENTRADAS PARA SPLIT, TV,\nINTERNET, TELEFONE<o:p></o:p></span></p>', 0, 0, 475401.56, 1, '2017-06-02 11:03:57', ''),
	(129, 2, 3, 'CASA REF 107', 'NAO', 2, 1, 6, '0000', 2, 'CASA NA QUADRA DO MAR COM:<div>2 QUARTOS + 2 SEPARADOS&nbsp;</div><div>SALA&nbsp;</div><div>COZINHA&nbsp;</div><div>ÁREA DE FESTA&nbsp;</div><div>GARAGEM PARA 6 CARROS&nbsp;</div><div>2 BANHEIROS&nbsp;</div><div>VARANDA&nbsp;</div><div>CHURRASQUEIRA&nbsp;</div><div><br></div><div>VALOR 400.000,00</div>', 0, 0, 400000.00, 1, '2017-06-05 17:24:09', ''),
	(130, 1, 3, 'APARTAMENTO REF 625', 'NAO', 2, 0, 1, '0000', 1, 'APARTAMENTO COM:<div>2 DORMITÓRIOS&nbsp;</div><div>1 BANHEIRO&nbsp;</div><div>COZINHA&nbsp;</div><div>SALA COM COPA CONCEITO ABERTO&nbsp;</div><div>SACADA COM CHURRASQUEIRA&nbsp;</div><div><br></div><div>VALOR :</div><div><br></div>', 0, 0, 250000.00, 1, '2017-06-06 14:28:56', ''),
	(131, 1, 3, 'APARTAMENTO REF 626', 'NAO', 2, 0, 1, '74,15', 1, 'APARTAMENTO COM:<div>2 DORMITÓRIOS&nbsp;</div><div>1 BANHEIRO&nbsp;</div><div>COZINHA</div><div>SALA COM COPA CONJUGADA EM CONCEITO ABERTO</div><div>SACADA COM CHURRASQUEIRA&nbsp;</div><div><br></div><div>VALOR:</div>', 0, 0, 215250.00, 1, '2017-06-06 14:34:45', ''),
	(93, 4, 3, 'REF 543 SOBRADO', 'NAO', 2, 2, 1, '107', 2, '<p class="MsoNormal"><b><i><u><span style="font-size:28.0pt;line-height:115%">REF 543&nbsp;&nbsp;&nbsp;&nbsp;&nbsp;&nbsp; &nbsp;VENDE SOBRADOS<o:p></o:p></span></u></i></b></p>\n\n<p class="MsoNormal"><span style="font-size: 16pt; line-height: 115%; font-family: Arial, sans-serif; color: black; background-image: initial; background-position: initial; background-size: initial; background-repeat: initial; background-attachment: initial; background-origin: initial; background-clip: initial;">Unidades com 2 suítes 107m2<span class="apple-converted-space">&nbsp;– <b>R$\n240.000,00</b><o:p></o:p></span></span></p>\n\n<p class="MsoNormal"><span style="font-size: 16pt; line-height: 115%; font-family: Arial, sans-serif; color: black; background-image: initial; background-position: initial; background-size: initial; background-repeat: initial; background-attachment: initial; background-origin: initial; background-clip: initial;">Unidades com 3 dormitórios e\n1&nbsp;suíte 122m2 – &nbsp;&nbsp;&nbsp;&nbsp;&nbsp;&nbsp;&nbsp;&nbsp;&nbsp;&nbsp;&nbsp;&nbsp;&nbsp;&nbsp;&nbsp;&nbsp;&nbsp;<b>R$ 350.000,00</b><o:p></o:p></span></p>\n\n<p class="xmsonotelevel1" style="margin: 0cm 0cm 0.0001pt; background-image: initial; background-position: initial; background-size: initial; background-repeat: initial; background-attachment: initial; background-origin: initial; background-clip: initial;"><span style="font-size:16.0pt;font-family:&quot;Arial&quot;,&quot;sans-serif&quot;;\ncolor:black">Sacadas individuais&nbsp;</span><span style="font-size:16.0pt;\nfont-family:&quot;Calibri&quot;,&quot;sans-serif&quot;;mso-bidi-font-family:Calibri;color:black">, </span><span style="font-size:16.0pt;font-family:&quot;Arial&quot;,&quot;sans-serif&quot;;color:black">Churrasqueiras\nindividuais</span><span style="font-size:16.0pt;font-family:&quot;Calibri&quot;,&quot;sans-serif&quot;;\nmso-bidi-font-family:Calibri;color:black">, </span><span style="font-size:16.0pt;\nfont-family:&quot;Arial&quot;,&quot;sans-serif&quot;;color:black">&nbsp;Garagem uma e duas vagas\nindividuais.</span><span style="font-size:16.0pt;font-family:&quot;Calibri&quot;,&quot;sans-serif&quot;;\nmso-bidi-font-family:Calibri;color:black"><o:p></o:p></span></p>\n\n<p class="xmsonotelevel1" style="margin: 0cm 0cm 0.0001pt; background-image: initial; background-position: initial; background-size: initial; background-repeat: initial; background-attachment: initial; background-origin: initial; background-clip: initial;"><span style="font-size:16.0pt;font-family:&quot;Arial&quot;,&quot;sans-serif&quot;;\ncolor:black">Varanda individual,&nbsp; Medidores\nde água, luz, &nbsp;gás individual, Lavanderia</span><span style="font-size:16.0pt;font-family:&quot;Calibri&quot;,&quot;sans-serif&quot;;mso-bidi-font-family:\nCalibri;color:black"><o:p></o:p></span></p>\n\n<p class="xmsonotelevel1" style="margin: 0cm 0cm 0.0001pt; background-image: initial; background-position: initial; background-size: initial; background-repeat: initial; background-attachment: initial; background-origin: initial; background-clip: initial;"><span style="font-size:16.0pt;font-family:&quot;Arial&quot;,&quot;sans-serif&quot;;\ncolor:black"><br>\n<b>ACABAMENTOS</b></span><b><span style="font-size:16.0pt;font-family:\n&quot;Calibri&quot;,&quot;sans-serif&quot;;mso-bidi-font-family:Calibri;color:black"><o:p></o:p></span></b></p>\n\n<p class="xmsonotelevel1" style="margin: 0cm 0cm 0.0001pt; background-image: initial; background-position: initial; background-size: initial; background-repeat: initial; background-attachment: initial; background-origin: initial; background-clip: initial;"><span style="font-size:16.0pt;font-family:&quot;Arial&quot;,&quot;sans-serif&quot;;\ncolor:black">&nbsp;</span><span style="font-size:16.0pt;font-family:&quot;Calibri&quot;,&quot;sans-serif&quot;;\nmso-bidi-font-family:Calibri;color:black"><o:p></o:p></span></p>\n\n<p class="xmsonotelevel1" style="margin: 0cm 0cm 0.0001pt; background-image: initial; background-position: initial; background-size: initial; background-repeat: initial; background-attachment: initial; background-origin: initial; background-clip: initial;"><span style="font-size:16.0pt;font-family:&quot;Arial&quot;,&quot;sans-serif&quot;;\ncolor:black">Piso Porcelanato</span><span style="font-size:16.0pt;font-family:\n&quot;Calibri&quot;,&quot;sans-serif&quot;;mso-bidi-font-family:Calibri;color:black">, </span><span style="font-size:16.0pt;font-family:&quot;Arial&quot;,&quot;sans-serif&quot;;color:black">Gesso</span><span style="font-size:16.0pt;font-family:&quot;Calibri&quot;,&quot;sans-serif&quot;;mso-bidi-font-family:\nCalibri;color:black">, </span><span style="font-size:16.0pt;font-family:&quot;Arial&quot;,&quot;sans-serif&quot;;\ncolor:black">Massa corrida ou calfinagem.<o:p></o:p></span></p>\n\n<p class="xmsonotelevel1" style="margin: 0cm 0cm 0.0001pt; background-image: initial; background-position: initial; background-size: initial; background-repeat: initial; background-attachment: initial; background-origin: initial; background-clip: initial;"><span style="font-size:16.0pt;font-family:&quot;Arial&quot;,&quot;sans-serif&quot;;\ncolor:black"><o:p>&nbsp;</o:p></span></p>\n\n<p class="xmsonotelevel1" style="margin: 0cm 0cm 0.0001pt; background-image: initial; background-position: initial; background-size: initial; background-repeat: initial; background-attachment: initial; background-origin: initial; background-clip: initial;"><b><u><span style="font-size:16.0pt;\nfont-family:&quot;Calibri&quot;,&quot;sans-serif&quot;;mso-bidi-font-family:Calibri;color:black">A\nVISTA 10% DESCONTO OU FINACIADO<o:p></o:p></span></u></b></p>', 0, 0, 240000.00, 1, '2017-06-02 11:10:34', ''),
	(94, 2, 3, 'REF 544 CASA', 'NAO', 2, 0, 2, '00000', 2, '<p class="MsoNormal"><b><u><span style="font-size:28.0pt;line-height:115%">REF 544&nbsp;&nbsp;&nbsp; &nbsp;VENDE CASA GEMINADA<o:p></o:p></span></u></b></p>\n\n<p class="MsoNormal"><b><u><span style="font-size:28.0pt;line-height:115%"><o:p><span style="text-decoration-line: none;">&nbsp;</span></o:p></span></u></b></p>\n\n<p class="MsoNormal"><span style="font-size:28.0pt;line-height:115%">2 QUARTOS +\n2 BWC SOCIAL &nbsp;+<o:p></o:p></span></p>\n\n<p class="MsoNormal"><span style="font-size:28.0pt;line-height:115%">SALA/COPA +\nCOZINHA + LAVAÇÃO +<o:p></o:p></span></p>\n\n<p class="MsoNormal"><span style="font-size:28.0pt;line-height:115%">GARAGEM PARA\nDOIS CARROS<o:p></o:p></span></p>\n\n<p class="MsoNormal"><span style="font-size:28.0pt;line-height:115%">VALOR: R$\n200.000,00<o:p></o:p></span></p>', 0, 0, 200000.00, 1, '2017-06-02 11:15:46', ''),
	(95, 2, 3, 'REF 555 CASA', 'NAO', 2, 0, 1, '0000', 1, '<p class="MsoNormal"><b><i><u><span style="font-size:36.0pt;line-height:115%">REF 555&nbsp; VENDE CASA NOVA <o:p></o:p></span></u></i></b></p>\n\n<p class="MsoNormal"><span style="font-size:26.0pt;line-height:115%">EM MEIA\nPRAIA<o:p></o:p></span></p>\n\n<p class="MsoNormal"><span style="font-size:26.0pt;line-height:115%">COM 02\nQUARTOS, 01 BANHEIRO E LAVAÇÃO<o:p></o:p></span></p>\n\n<p class="MsoNormal"><span style="font-size:26.0pt;line-height:115%">SALA COPA\nCOZINHA INTEGARADOS, <o:p></o:p></span></p>\n\n<p class="MsoNormal"><span style="font-size:26.0pt;line-height:115%">TERRENO:\n12,00 X 29,00 = 348 M²<o:p></o:p></span></p>\n\n<p class="MsoNormal"><b><span style="font-size:36.0pt;line-height:115%">VALOR: R$ 285.000,00<o:p></o:p></span></b></p>', 0, 0, 285000.00, 1, '2017-06-02 11:17:59', ''),
	(144, 4, 2, 'REF 426 HOTEL ', 'NÃO IDENTIFICADO', 24, 24, 24, '000', 26, '<p class="MsoNormal"><b><span style="font-size:18.0pt;line-height:115%">REF: 426</span></b><b><span style="font-size:16.0pt;line-height:\n115%">&nbsp; </span></b><span style="font-size:36.0pt;line-height:115%">Vende &nbsp;hotel negocia-se</span><b><span style="font-size:16.0pt;line-height:115%"><o:p></o:p></span></b></p>\n\n<p class="MsoNormal" style="line-height:normal"><span style="font-size:20.0pt">24\napartamentos com banheiros, &nbsp;ar\ncondicionado TVs, Portaria: Hal de entrada, corredores, refeitórios, cozinha,\nlavanderia, garagem <o:p></o:p></span></p>\n\n<p class="MsoNormal" style="line-height:normal"><span style="font-size:20.0pt">Recepção,\ncâmeras de monitoramento<o:p></o:p></span></p>\n\n<p class="MsoNormal" style="line-height:normal"><span style="font-size:20.0pt">Casa\nao lado muito linda para moradia, 02 salas comerciais,&nbsp; 01 sala 100 m² &nbsp;outra 315 m² &nbsp;frente para rua principal bairro são domingos&nbsp; centro comercial, Navegantes Sc. , ótima\nrenda mensal<o:p></o:p></span></p>\n\n<p class="MsoNormal" style="line-height:normal"><span style="font-size:36.0pt">Valor:\n2.700,000,00&nbsp; </span><span style="font-size:22.0pt">NEGOCIÁVEL</span><span style="font-size:36.0pt"><o:p></o:p></span></p>\n\n<p class="MsoNormal" style="line-height:normal"><span style="font-size:20.0pt">&nbsp;estuda-se&nbsp;\nproposta , aceita-se outros imóveis , carro, caminhonete&nbsp;&nbsp;<o:p></o:p></span></p>', 0, 0, 2700000.00, 1, '2017-06-16 15:37:04', ''),
	(97, 2, 3, 'REF 556 CASA', 'NAOO', 2, 0, 1, '0000', 1, '<p class="MsoNormal"><b><i><u><span style="font-size:36.0pt;line-height:115%">REF 566&nbsp;&nbsp;&nbsp;&nbsp;&nbsp; VENDE SITIO<o:p></o:p></span></u></i></b></p>\n\n<p class="MsoNormal"><o:p>&nbsp;</o:p></p>\n\n<p class="MsoNormal"><b><i><u><span style="font-size:18.0pt;line-height:115%">30 X 60M&nbsp; = 1.800 M²<o:p></o:p></span></u></i></b></p>\n\n<p class="MsoNormal"><span style="font-size:18.0pt;line-height:115%">Com: CASA\nNOVA DE MADEIRA DE PINUS TRATADO (COM GARANTIA EM CONTRATO), 2 QUARTOS, 01 BWC,\nSALA/COZINHA INTEGRADA.<o:p></o:p></span></p>\n\n<p class="MsoNormal"><span style="font-size:18.0pt;line-height:115%">LAGOA,\nPONTEIRA DE AGUA, SISTEMA DE ABASTECIMENTO DE AGUA TODO AUTOMATIZADO.<o:p></o:p></span></p>\n\n<p class="MsoNormal"><span style="font-size:18.0pt;line-height:115%">VALOR: R$ 180.000,00<o:p></o:p></span></p>\n\n<p class="MsoNormal"><span style="font-size:18.0pt;line-height:115%">NEGOCIÁVEL:\nACEITA CARRO, TERENO EM GRAVATÁ OU ESTUDA PARCELAMENTO.<o:p></o:p></span></p>', 0, 0, 180000.00, 1, '2017-06-02 11:21:55', ''),
	(104, 1, 3, 'APARTAMENTO REF 600', 'NAO', 2, 1, 1, '67', 2, 'APARTAMENTO COM:<div>2 QUARTOS SENDO 1 SUÍTE&nbsp;</div><div>CHURRASQUEIRA&nbsp;</div><div>VAGA DE GARAGEM&nbsp;</div><div>SALA E COZINHA INTEGRADA CONCEITO ABERTO</div><div>MEDIDORES DE ÁGUA, LUZ E GÁS INDIVIDUAIS&nbsp;</div><div>VALOR :0,01</div>', 0, 0, 0.01, 1, '2017-06-05 09:28:01', ''),
	(105, 1, 3, 'APARTAMENTO REF 601', 'NAO', 2, 1, 1, '70', 2, 'APARTAMENTO COM:<div>2 QUARTOS SENDO 1 SUÍTE&nbsp;<div>SALA COM COZINHA EM CONCEITO ABERTO&nbsp;</div><div>SACADA COM CHURRASQUEIRA&nbsp;</div><div>LAVANDERIA&nbsp;</div><div>GARAGEM PARA 1 CARRO&nbsp;</div><div><br></div><div>3 APARTAMENTO POR ANDAR</div><div>APARTAMENTOS COM 2 E 3 DORMITÓRIOS, SENDO UMA SUÍTE</div><div>DOIS ELEVADORES</div><div>INCOMPARÁVEL ÁREA DE LAZER NA COBERTURA DO EDIFÍCIO</div><div>SALÃO DE FESTA&nbsp;</div><div>SALA DE JOGOS&nbsp;</div><div>ACADEMIA</div><div>ESPAÇO KIDS</div><div>PISCINA INFANTIL</div><div>ESPAÇO GOURMET À BEIRA DA PISCINA&nbsp;</div><div>TERRAÇO PANORÂMICO&nbsp;</div><div><br></div><div><span style="font-weight: bold; text-decoration-line: underline;">VALOR: 300.000,00 em financiado em 150 meses direto com a construtora entrega Agosto de 2020.</span></div></div>', 0, 0, 300000.00, 1, '2017-06-05 09:41:38', ''),
	(106, 1, 3, 'APARTAMENTO REF 602', 'NAO', 2, 0, 1, '000', 1, 'APARTAMENTO COM:<div>2 DORMITÓRIO&nbsp;</div><div>SALA&nbsp;</div><div>COZINHA</div><div>BANHEIRO</div><div>LAVANDERIA&nbsp;</div><div>APARTAMENTO COM SACADA</div><div>APARTAMENTO SEM SACADA&nbsp;</div><div><br></div><div>VALOR:&nbsp;</div>', 0, 0, 0.01, 1, '2017-06-05 09:46:35', ''),
	(107, 1, 3, 'APARTAMENTO REF 603', 'NAO', 2, 1, 1, '77', 2, 'APARTAMENTO COM:<div>2 DORMITÓRIOS SENDO 1 SUÍTE&nbsp;</div><div>2 BANHEIROS&nbsp;</div><div>SALA COM COZINHA EM CONCEITO ABERTO&nbsp;</div><div>AMPLA SACADA</div><div>LAVANDERIA&nbsp;</div><div>VALOR:&nbsp;</div>', 0, 0, 0.00, 1, '2017-06-05 09:53:35', ''),
	(108, 1, 3, 'APARTAMENTO REF 604', 'NAO', 2, 1, 1, '75,53', 2, 'APARTAMENTO COM:<div>2 DORMITÓRIOS SENDO 1 SUÍTE</div><div>1 VAGA DE GARAGEM</div><div>COZINHA</div><div>SALA COM COPA EM CONCEITO ABERTO</div><div>LAVANDERIA&nbsp;</div><div>SACADA COM CHURRASQUEIRA&nbsp;</div><div><br></div><div>2 APARTAMENTOS POR ANDAR&nbsp;</div><div>HALL DE ENTRADA DECORADO</div><div>DETALHES EM PASTILHAS&nbsp;</div><div>ACABAMENTO EM GESSO</div><div>MEDIDORES INDIVIDUAIS DE GÁS E ÁGUA&nbsp;</div><div>PORTEIRO ELETRÔNICO&nbsp;</div><div><br></div><div>VALOR:</div>', 0, 0, 232489.00, 1, '2017-06-05 09:59:00', ''),
	(109, 1, 3, 'APARTAMENTO REF 605', 'NAO', 2, 1, 1, '75,03', 2, 'APARTAMENTO COM:<div>2 DORMITÓRIOS SENDO 1 SUÍTE</div><div>SALA COM COZINHA INTEGRADA COM CONCEITO ABERTO&nbsp;</div><div>GARAGEM PARA 1 CARRO&nbsp;</div><div><span style="font-weight: bold;">VALOR: 288.000,00</span></div>', 0, 0, 288000.00, 1, '2017-06-05 10:05:28', ''),
	(110, 1, 3, 'APARTAMENTO REF 606', 'NAO ', 2, 1, 1, '65', 2, 'APARTAMENTO COM :<div>2 DORMITÓRIOS SENDO 1 SUÍTE</div><div>SALA COM COZINHA INTEGRADOS COM CONCEITO ABERTO</div><div>2 BANHEIROS&nbsp;</div><div>GARAGEM&nbsp;</div><div>LAVANDERIA&nbsp;</div><div>SACADA COM CHURRASQUEIRA&nbsp;</div><div><br></div><div><span style="font-weight: bold; text-decoration-line: underline;">VALOR: 225.000,00 &nbsp;50% de entrada saldo em 36 meses</span></div><div><br></div>', 0, 0, 225000.00, 1, '2017-06-05 10:10:40', ''),
	(111, 1, 3, 'APARTAMENTO REF 607', 'NAO', 2, 1, 1, '78,80', 2, 'APARTAMENTO COM:<div>2 DORMITÓRIOS SENDO 1 SUITE&nbsp;</div><div>SALA E COPA COM CONCEITO ABERTO&nbsp;</div><div>COZINHA&nbsp;</div><div>2 BANHEIROS&nbsp;</div><div>SACADA COM CHURRASQUEIRA&nbsp;</div><div>LAVANDERIA&nbsp;</div><div>GARAGEM&nbsp;</div><div>VALOR:</div>', 0, 0, 999900.00, 1, '2017-06-05 10:16:19', ''),
	(112, 1, 3, 'APARTAMENTO REF 608', 'NAO', 2, 1, 1, '65,58', 2, 'APARTAMENTO COM :<div>2 DORMITÓRIOS SENDO 1 SUÍTE&nbsp;</div><div>SALA E COZINHA INTEGRADA EM CONCEITO ABERTO&nbsp;</div><div>SACADA COM CHURRASQUEIRA&nbsp;</div><div>300 METROS DO MAR</div><div>6 KM BR 470</div><div>VALOR:</div><div><br></div>', 0, 0, 303200.00, 1, '2017-06-05 10:20:13', ''),
	(113, 1, 3, 'APARTAMENTO REF 609', 'NAO', 3, 1, 1, '90', 2, 'APARTAMENTO COM:<div>3 DORMITÓRIOS SENDO 1 SUÍTE&nbsp;</div><div>GARAGEM PRIVATIVA</div><div>SACADA COM CHURRASQUEIRA&nbsp;</div><div>2 APARTAMENTO POR ANDAR&nbsp;</div><div>90M² ÁREA PRIVATIVA&nbsp;</div><div>CONDOMÍNIO DE BAIXO CUSTO</div><div>ACABAMENTO ALTO PADRÃO&nbsp;</div><div>ENTREGA EM JULHO 2017</div><div>VALOR:</div>', 0, 0, 0.00, 1, '2017-06-05 10:24:04', ''),
	(114, 1, 3, 'APARTAMENTO REF 610', 'NAO', 2, 1, 1, '000', 2, 'APARTAMENTO COM:<div>2 DORMITÓRIOS SENDO 1 SUÍTE&nbsp;</div><div>SACADA COM CHURRASQUEIRA&nbsp;</div><div>SALA COM COPA CONJUGADA EM CONCEITO ABERTO&nbsp;</div><div>COZINHA&nbsp;</div><div>LAVANDERIA</div><div><br></div><div><span style="font-weight: bold; text-decoration-line: underline;">VALOR: &nbsp;210.000,00 financiamento direto com Banco</span></div><div><br></div><div><br></div>', 0, 0, 210000.00, 1, '2017-06-05 10:27:46', ''),
	(116, 1, 3, 'APARTAMENTO REF 612', 'NOA', 3, 1, 1, '100', 2, 'APARTAMENTO COM:<div>3 DORMITÓRIOS SENDO 1 SUÍTE</div><div>2 BANHEIROS SALA E COZINHA EM CONCEITO ABERTO&nbsp;</div><div>SACADA COM CHURRASQUEIRA&nbsp;</div><div>LAVANDERIA&nbsp;</div><div>GARAGEM&nbsp;</div><div><br></div><div><span style="font-weight: bold; text-decoration-line: underline;">VALOR: 271.000,00 Negocia direto com o construtor&nbsp;</span></div><div><span style="font-weight: bold; text-decoration-line: underline;"><br></span></div><div><span style="font-weight: bold; text-decoration-line: underline;">Previsão de Entrega Dezembro de 2017</span></div><div><br></div>', 0, 0, 271000.00, 1, '2017-06-05 10:35:01', 'n'),
	(117, 1, 3, 'APARTAMENTO REF 613', 'NAO', 3, 3, 2, '128', 4, 'APARTAMENTO COM:<div>3 DORMITÓRIOS SENDO OS 3 COM SUÍTE</div><div>LAVABO</div><div>AMPLO LIVING INTEGRADO</div><div>COZINHA E ÁREA GOURMET</div><div>CHURRASQUEIRA&nbsp;</div><div>SACADA INTEGRADA</div><div><span style="font-weight: bold; font-style: italic;">2 VAGAS DE GARAGEM</span>&nbsp;</div><div><span style="font-weight: bold; text-decoration-line: underline;">VALOR: 692.400,00 &nbsp;financia direto com a construtora</span></div><div><br></div>', 0, 0, 692400.00, 1, '2017-06-05 10:39:26', ''),
	(118, 1, 3, 'APARTAMENTO REF 614', 'NAO', 1, 0, 1, '000', 1, 'APARTAMENTO COM:<div>1 DORMITÓRIO</div><div>1 BANHEIRO</div><div>SALA E COZINHA COM CONCEITO ABERTO</div><div>SACADA COM CHURRASQUEIRA E LAVANDERIA &nbsp;INTEGRADA&nbsp;</div><div><span style="font-weight: bold; text-decoration-line: underline;">VALOR: 139.000,00</span></div><div><br></div>', 0, 0, 139000.00, 1, '2017-06-05 10:42:41', ''),
	(119, 1, 3, 'APARTAMENTO REF 615', 'NBAO', 3, 1, 1, '000', 2, 'APARTAMENTO COM:<div>3 DORMITÓRIOS SENDO 1 SUÍTE&nbsp;</div><div>2 BANHEIROS&nbsp;</div><div>SALA E COZINHA EM CONCEITO ABERTO&nbsp;</div><div>SACADA COM CHURRASQUEIRA</div><div>LAVANDERIA&nbsp;</div><div><span style="font-weight: bold; text-decoration-line: underline;">VALOR: 540.000,00 &nbsp;financiado direto com a construtora&nbsp;</span></div><div><span style="font-weight: bold; text-decoration-line: underline;"><br></span></div><div><span style="font-weight: bold; text-decoration-line: underline;">Em até 144 meses</span></div><div><br></div>', 0, 0, 540000.00, 1, '2017-06-05 10:48:49', ''),
	(120, 1, 3, 'APARTAMENTO REF 616', 'NAO', 2, 0, 1, '0000', 1, 'APARTAMENTO COM:<div>2 DORMITÓRIOS&nbsp;</div><div>1 BANHEIRO&nbsp;</div><div>SALA&nbsp;</div><div>COZINHA</div><div>GARAGEM&nbsp;</div><div>VALOR:</div><div><br></div>', 0, 0, 598000.00, 1, '2017-06-05 10:51:30', ''),
	(121, 1, 3, 'APARTAMENTO REF 617', 'NAO ', 2, 1, 1, '75', 2, 'APARTAMENTO COM:<div>2 DORMITÓRIOS SENDO 1 SUÍTE</div><div>COZINHA</div><div>SALA E COPA EM CONCEITO ABERTO</div><div>VARANDA COM CHURRASQUEIRA&nbsp;</div><div>GARAGEM PARA 1 CARRO&nbsp;</div><div>VALOR:</div><div><br></div>', 0, 0, 269245.00, 1, '2017-06-05 10:56:30', ''),
	(122, 1, 3, 'APARTAMENTO REF 618', 'NAO', 2, 1, 1, '75,31', 2, 'APARTAMENTO COM:<div>2 DORMITÓRIOS SENDO 1 SUÍTE&nbsp;</div><div>SALA COM COZINHA EM CONCEITO ABERTO</div><div>LAVANDERIA&nbsp;</div><div>SACADA COM CHURRASQUEIRA&nbsp;</div><div>PORTAS COM FECHADURAS BIOMÉTRICAS&nbsp;</div><div>PAREDES EM DRY WALL</div><div>TETO COM ACABAMENTO EM GESSO</div><div>TUBULAÇÃO PARA AR CONDICIONADO&nbsp;</div><div>INFRA-ESTRUTURA PARA TV A CABO E INTERNET&nbsp;</div><div>VALOR:</div><div><br></div>', 0, 0, 495000.00, 1, '2017-06-05 11:01:06', ''),
	(123, 1, 3, 'APARTAMENTO REF 619', 'NAO ', 2, 1, 1, '68', 2, 'APARTAMENTO COM:<div>2 DORMITÓRIOS SENDO 1 SUÍTE&nbsp;</div><div>2 BANHEIROS&nbsp;</div><div>SALA COM &nbsp;COZINHA COM CONCEITO ABERTO&nbsp;</div><div>GARAGEM&nbsp;</div><div>SACADA COM CHURRASQUEIRA E LAVANDERIA&nbsp;</div><div>VALOR:</div><div><br></div>', 0, 0, 0.00, 1, '2017-06-05 11:04:00', ''),
	(124, 1, 3, 'APARTAMENTO REF 620', 'NAO ', 2, 2, 1, '87,14', 3, 'APARTAMENTO COM:<div>2 DORMITÓRIOS SENDO 2 SUÍTE</div><div>COZINHA E SALA DE JANTAR EM CONCEITO ABERTO&nbsp;</div><div>SALA&nbsp;</div><div>LAVANDERIA&nbsp;</div><div>SACADA COM CHURRASQUEIRA&nbsp;</div><div>GARAGEM&nbsp;</div><div>VALOR:</div><div><br></div>', 0, 0, 0.00, 1, '2017-06-05 11:10:03', ''),
	(125, 1, 3, 'APARTAMENTO REF 621', 'NAO', 2, 1, 1, '83,34', 2, 'APARTAMENTO COM:<div>2 DORMITÓRIOS&nbsp;</div><div>1 SUÍTE&nbsp;</div><div>SALA&nbsp;</div><div>COZINHA&nbsp;</div><div>BANHEIRO</div><div>VALOR:</div><div><br></div>', 0, 1, 0.00, 1, '2017-06-05 11:13:36', ''),
	(126, 1, 3, 'APARTAMENTO REF 622', 'NAO', 2, 1, 1, '76', 2, 'APARTAMENTO COM:<div>2 DORMITÓRIOS SENDO 1 SUÍTE</div><div>2 BANHEIROS&nbsp;</div><div>SALA DE ESTAR</div><div>COZINHA EM CONCEITO ABERTO&nbsp;</div><div>LAVANDERIA&nbsp;</div><div>SACADA</div><div>VALOR:</div><div><br></div><div><br></div>', 0, 0, 0.00, 1, '2017-06-05 11:16:31', ''),
	(127, 1, 3, 'APARTAMENTO REF 623', 'NAO', 2, 0, 1, '56,34', 1, 'APARTAMENTO COM:<div>2 DORMITÓRIOS&nbsp;</div><div>1 BANHEIRO&nbsp;</div><div>SALA COM COZINHA EM CONCEITO ABERTO&nbsp;</div><div>GARAGEM&nbsp;</div><div><span style="font-weight: bold; text-decoration-line: underline;">A partir de VALOR: 145.000,00 &nbsp;Minha Casa Minha Vida</span></div><div><br></div>', 0, 0, 145000.00, 1, '2017-06-05 11:19:26', ''),
	(152, 1, 1, 'Ref 570', 'não identificado', 2, 0, 1, '0000', 1, 'Ref: 570<div>Apartamento com&nbsp;</div><div>2 quartos&nbsp;</div><div>sala e cozinha conjugada</div><div>1 banheiro</div><div>garagem 1 carro</div><div><br></div><div>Valor: &nbsp;155.000,00 &nbsp;sendo R$ 10.000,00 de Entrada e saldo Financiado&nbsp;</div>', 0, 0, 155000.00, 1, '2017-07-12 15:08:12', ''),
	(146, 7, 1, 'LOTEAMENTO ', 'NÃO  IDENTIFICADO ', 0, 0, 0, '375,00', 0, 'LOTEAMENTO JARDIM DAS ROSAS&nbsp;<div><br></div><div>LOTES FINANCIADOS COM TODA INFRAESTRUTURA&nbsp;</div><div><br></div><div>ENTREGA EM 18 MESES&nbsp;</div><div>LOTES RESIDENCIAIS E COMERCIAIS&nbsp;</div><div>TABELA DE PREÇOS:</div><div>VALOR R$ 131.250,00 &nbsp; &nbsp;LOTES 15 X 25 = 375 M²</div><div>ENTRADA DE 20% R$ 26.250,00</div><div>SALDO R$ 105.000,00</div><div>FINANCIAMENTO DIRETO COM A LOTEADORA&nbsp;</div><div>36- MESES DE R$: 3.758,18</div><div>48- MESES DE R$: 3.045,01</div><div>60- MESES DE R$: 2.625,35</div><div>84- MESES DE R$: 2.170,00 MAIS CORREÇÃO ANUAL PELO IGPM</div><div><br></div><div>OU ENTRADA DE:</div><div>R$: 60.000,00 MAIS 60 X DE R$ 1.786,11</div><div>R$: 50.000,00 MAIS 60 X DE R$ 2.036,79</div><div>R$: 40.000,00 MAIS 60 X DE R$ 2.287,47</div><div>R$: 30.000,00 MAIS 60 X DE R$ 2.538,15</div><div>R$ 50% DE ENTRADA MAIS 60 X DE R$ 1.645,10</div><div><br></div><div>PARCELA-SE A ENTRADA EM ATÉ 3 VEZES&nbsp;</div><div>COM TODA A INFRAESTRUTURA: AGUÁ, LUZ, TUBULAÇÃO, DRENAGEM PLUVIAL, PAVIMENTAÇÃO EM LAJOTAS E PASSEIO COM PEIVER.</div><div>PRAZO DE ENTREGA EM 18 MESES&nbsp;</div><div>CONTATO&nbsp;</div><div><br></div><div>(47) 3342-7800</div><div>(47) 9 9909-3456<br></div><div>(47) 9 9712-0190<br></div>', 0, 0, 131250.00, 1, '2017-06-16 16:11:18', ''),
	(148, 1, 1, 'REF 477 APARTAMENTO', 'NÃO IDENTIFICADO', 2, 1, 1, '72', 2, 'REF 477<div>Apartamento com 01 suíte + quarto + bwc social&nbsp;</div><div>cozinha com sala integrada&nbsp;</div><div>lavação&nbsp;</div><div>sacada com churrasqueira&nbsp;</div><div><br></div><div>100 metros do mar&nbsp;</div><div><br></div>', 0, 0, 210000.00, 1, '2017-06-29 09:33:02', ''),
	(149, 7, 1, 'REF 203', 'NÃO IDENTIFICADO', 0, 0, 0, '600', 0, '<p class="MsoNormal"><span style="font-size:24.0pt;line-height:115%">REF: 203 &nbsp;&nbsp;</span><span style="font-size:28.0pt;\nline-height:115%"><o:p></o:p></span></p>\n\n<p class="MsoNormal"><span style="font-size:28.0pt;line-height:115%">&nbsp;02 LOTES JUNTOS</span><span style="font-size:\n24.0pt;line-height:115%"><o:p></o:p></span></p>\n\n<p class="MsoNormal"><span style="font-size:24.0pt;line-height:115%">24,00 METROS\nDE FRENTE<o:p></o:p></span></p>\n\n<p class="MsoNormal"><span style="font-size:24.0pt;line-height:115%">25,00 METROS\nNAS LATERAIS<o:p></o:p></span></p>\n\n<p class="MsoNormal"><span style="font-size:24.0pt;line-height:115%">TOTAL:\n600,00 METROS QUADRADOS<o:p></o:p></span></p>\n\n<p class="MsoNormal"><span style="font-size:24.0pt;line-height:115%">A&nbsp; 500 METROS DO MAR<o:p></o:p></span></p>\n\n<p class="MsoNormal"><o:p>&nbsp;</o:p></p>\n\n<p class="MsoNormal"><span style="font-size:36.0pt;line-height:115%">VALOR: R$ 340.000,00<o:p></o:p></span></p>', 0, 0, 340000.00, 1, '2017-06-29 10:03:39', ''),
	(150, 4, 1, 'REF 568', 'NÃO IDENTIFICADO', 4, 1, 4, '200', 3, 'REF 568<div><br></div><div>Sobrado com:</div><div>4 quartos&nbsp;</div><div>1 suíte</div><div>4 vagas de garagem&nbsp;</div><div>3 banheiros&nbsp;</div><div>2 salas</div><div>2 pavimentos</div><div>Terreno com 550m²</div><div>Área construída 200m²&nbsp;</div><div><br></div><div>Aceita permuta &nbsp;por apartamento&nbsp;</div><div><br></div><div>Valor 1.800.000,00</div><div><br></div>', 0, 0, 1800000.00, 1, '2017-06-29 10:16:39', ''),
	(151, 2, 1, 'REF 569', 'NÃO IDENTIFICADO', 3, 0, 0, '300', 1, 'REF 569<div>Casa com:</div><div>3 Quartos&nbsp;</div><div>1 Banheiro</div><div>Sala&nbsp;</div><div>Cozinha</div><div>Lavação&nbsp;</div><div>Área de festa com 1 banheiro &nbsp;com churrasqueira&nbsp;</div><div>valor R$ 300.000,00</div>', 0, 0, 300000.00, 1, '2017-06-29 10:28:45', ''),
	(153, 4, 1, 'Ref 571', 'Não identificado', 3, 0, 2, '0000', 2, 'Ref: 571<div><br></div><div>Sobrado Quadra do Mar com</div><div><span style="text-decoration-line: underline;">em cima &nbsp;com</span></div><div> 3 quartos</div><div>1 banheiro</div><div>sala ampla&nbsp;</div><div>sacada com vista para o mar</div><div><span style="text-decoration-line: underline;">em baixo com</span> &nbsp;</div><div>garagem para 2 carros&nbsp;</div><div>churrasqueira&nbsp;</div><div>1 banheiro</div><div>cozinha&nbsp;</div><div>lavação&nbsp;</div><div><span style="text-decoration-line: underline;">Nos fundos&nbsp;</span></div><div>Edicula&nbsp;</div><div><br></div><div>Valor R$ 600.000,00</div><div>&nbsp;</div>', 0, 0, 600000.00, 1, '2017-07-12 15:23:07', '');
/*!40000 ALTER TABLE `imoveis` ENABLE KEYS */;

-- Copiando estrutura para tabela dalmi603_db.rel_imovel_dif
CREATE TABLE IF NOT EXISTS `rel_imovel_dif` (
  `id` int(11) NOT NULL AUTO_INCREMENT,
  `cod_imovel` int(11) DEFAULT NULL,
  `cod_dif` int(11) DEFAULT '0',
  PRIMARY KEY (`id`)
) ENGINE=InnoDB AUTO_INCREMENT=401 DEFAULT CHARSET=utf8;

-- Copiando dados para a tabela dalmi603_db.rel_imovel_dif: ~261 rows (aproximadamente)
DELETE FROM `rel_imovel_dif`;
/*!40000 ALTER TABLE `rel_imovel_dif` DISABLE KEYS */;
INSERT INTO `rel_imovel_dif` (`id`, `cod_imovel`, `cod_dif`) VALUES
	(4, 3, 6),
	(5, 3, 9),
	(8, 4, 8),
	(9, 4, 9),
	(10, 2, 4),
	(11, 2, 8),
	(12, 2, 9),
	(13, 5, 9),
	(14, 5, 11),
	(27, 6, 5),
	(28, 6, 8),
	(29, 6, 9),
	(30, 6, 11),
	(34, 8, 6),
	(35, 8, 8),
	(36, 8, 11),
	(37, 9, 8),
	(38, 9, 9),
	(39, 9, 10),
	(40, 9, 11),
	(41, 7, 6),
	(42, 7, 8),
	(43, 7, 11),
	(44, 10, 9),
	(45, 10, 10),
	(46, 11, 8),
	(47, 11, 9),
	(48, 11, 10),
	(49, 11, 11),
	(50, 12, 4),
	(51, 12, 8),
	(52, 12, 9),
	(53, 12, 10),
	(54, 12, 11),
	(55, 12, 12),
	(56, 13, 4),
	(57, 13, 8),
	(58, 13, 9),
	(59, 13, 10),
	(60, 13, 11),
	(61, 13, 12),
	(62, 14, 11),
	(63, 14, 16),
	(64, 16, 8),
	(65, 16, 10),
	(66, 16, 11),
	(67, 16, 14),
	(68, 16, 16),
	(69, 17, 1),
	(70, 17, 11),
	(71, 17, 16),
	(72, 17, 17),
	(73, 18, 1),
	(74, 18, 11),
	(75, 18, 16),
	(76, 18, 17),
	(77, 19, 10),
	(78, 19, 11),
	(79, 19, 13),
	(80, 19, 16),
	(81, 20, 11),
	(82, 20, 16),
	(83, 21, 11),
	(84, 21, 14),
	(85, 21, 16),
	(98, 22, 9),
	(99, 22, 11),
	(100, 22, 14),
	(101, 22, 16),
	(102, 23, 10),
	(103, 23, 11),
	(104, 23, 16),
	(105, 24, 8),
	(106, 24, 10),
	(107, 24, 11),
	(108, 24, 14),
	(109, 24, 16),
	(110, 25, 8),
	(111, 25, 10),
	(112, 25, 11),
	(113, 25, 14),
	(114, 25, 16),
	(115, 26, 11),
	(116, 26, 16),
	(119, 28, 8),
	(120, 28, 11),
	(121, 28, 14),
	(122, 28, 16),
	(123, 29, 8),
	(124, 29, 9),
	(125, 29, 11),
	(126, 29, 12),
	(127, 29, 14),
	(128, 29, 16),
	(129, 30, 8),
	(130, 30, 9),
	(131, 30, 11),
	(132, 30, 12),
	(133, 30, 14),
	(134, 30, 16),
	(135, 27, 11),
	(136, 27, 16),
	(137, 31, 4),
	(138, 31, 10),
	(139, 32, 1),
	(140, 32, 4),
	(141, 32, 5),
	(142, 32, 10),
	(143, 32, 12),
	(144, 32, 16),
	(145, 33, 8),
	(146, 33, 10),
	(147, 33, 11),
	(148, 33, 13),
	(149, 33, 16),
	(150, 34, 7),
	(151, 34, 8),
	(152, 34, 10),
	(153, 34, 11),
	(154, 34, 13),
	(155, 34, 16),
	(157, 37, 3),
	(158, 37, 8),
	(159, 37, 11),
	(160, 37, 15),
	(161, 37, 16),
	(178, 83, 7),
	(179, 83, 8),
	(180, 83, 9),
	(181, 83, 10),
	(182, 83, 11),
	(183, 83, 13),
	(184, 83, 16),
	(185, 83, 18),
	(191, 85, 3),
	(192, 85, 6),
	(193, 85, 8),
	(194, 85, 9),
	(195, 85, 10),
	(196, 85, 11),
	(197, 85, 13),
	(198, 85, 16),
	(199, 86, 19),
	(200, 87, 20),
	(201, 88, 19),
	(207, 98, 3),
	(208, 98, 5),
	(209, 98, 6),
	(210, 98, 8),
	(211, 98, 9),
	(212, 98, 12),
	(213, 98, 15),
	(214, 98, 16),
	(215, 99, 3),
	(216, 99, 5),
	(217, 99, 6),
	(218, 99, 8),
	(219, 99, 9),
	(220, 99, 11),
	(221, 99, 12),
	(222, 99, 15),
	(223, 99, 16),
	(224, 100, 3),
	(225, 100, 8),
	(226, 100, 10),
	(227, 100, 11),
	(228, 100, 13),
	(229, 100, 15),
	(230, 100, 16),
	(231, 102, 3),
	(232, 102, 8),
	(233, 102, 9),
	(234, 102, 11),
	(235, 102, 12),
	(236, 102, 16),
	(237, 103, 3),
	(238, 103, 8),
	(239, 103, 11),
	(240, 103, 12),
	(241, 103, 15),
	(242, 103, 16),
	(247, 104, 3),
	(248, 104, 8),
	(263, 113, 3),
	(275, 107, 3),
	(276, 107, 4),
	(277, 107, 5),
	(303, 48, 3),
	(304, 48, 8),
	(305, 48, 11),
	(306, 48, 15),
	(307, 48, 16),
	(308, 138, 20),
	(312, 39, 4),
	(313, 39, 10),
	(314, 39, 11),
	(315, 40, 7),
	(316, 40, 8),
	(317, 40, 10),
	(318, 40, 11),
	(319, 60, 4),
	(320, 60, 5),
	(321, 60, 11),
	(322, 91, 5),
	(323, 91, 6),
	(324, 91, 9),
	(325, 91, 11),
	(326, 91, 12),
	(327, 108, 3),
	(328, 111, 3),
	(329, 111, 4),
	(330, 111, 5),
	(331, 111, 8),
	(332, 112, 3),
	(333, 112, 5),
	(334, 141, 2),
	(335, 141, 4),
	(336, 141, 7),
	(337, 141, 11),
	(338, 144, 1),
	(339, 144, 2),
	(340, 144, 3),
	(341, 144, 5),
	(342, 144, 7),
	(343, 144, 8),
	(344, 144, 10),
	(345, 144, 11),
	(346, 145, 7),
	(348, 148, 2),
	(349, 148, 4),
	(350, 148, 6),
	(351, 148, 11),
	(352, 150, 2),
	(353, 150, 3),
	(354, 150, 4),
	(355, 150, 5),
	(356, 150, 7),
	(357, 150, 8),
	(358, 150, 11),
	(359, 151, 2),
	(360, 151, 7),
	(365, 105, 3),
	(366, 105, 4),
	(367, 105, 6),
	(368, 105, 8),
	(369, 116, 3),
	(370, 117, 3),
	(371, 117, 4),
	(372, 117, 5),
	(373, 117, 8),
	(374, 117, 9),
	(375, 117, 11),
	(376, 117, 12),
	(377, 117, 14),
	(378, 117, 15),
	(379, 117, 16),
	(384, 36, 4),
	(385, 38, 2),
	(386, 38, 3),
	(387, 38, 7),
	(390, 49, 3),
	(391, 84, 8),
	(392, 84, 9),
	(393, 84, 10),
	(394, 84, 11),
	(395, 84, 15),
	(396, 153, 4),
	(397, 153, 5),
	(398, 153, 7),
	(399, 153, 8),
	(400, 153, 11);
/*!40000 ALTER TABLE `rel_imovel_dif` ENABLE KEYS */;

-- Copiando estrutura para tabela dalmi603_db.tipo_imovel
CREATE TABLE IF NOT EXISTS `tipo_imovel` (
  `cod_tipo` int(11) NOT NULL AUTO_INCREMENT,
  `nome_tipo` varchar(255) DEFAULT NULL,
  PRIMARY KEY (`cod_tipo`)
) ENGINE=MyISAM AUTO_INCREMENT=8 DEFAULT CHARSET=utf8;

-- Copiando dados para a tabela dalmi603_db.tipo_imovel: 7 rows
DELETE FROM `tipo_imovel`;
/*!40000 ALTER TABLE `tipo_imovel` DISABLE KEYS */;
INSERT INTO `tipo_imovel` (`cod_tipo`, `nome_tipo`) VALUES
	(1, 'Apartamento'),
	(2, 'Casa'),
	(3, 'Chácara'),
	(4, 'Sobrado'),
	(5, 'Mansão'),
	(6, 'Sítio'),
	(7, 'Terreno');
/*!40000 ALTER TABLE `tipo_imovel` ENABLE KEYS */;

-- Copiando estrutura para tabela dalmi603_db.transacao
CREATE TABLE IF NOT EXISTS `transacao` (
  `cod_transacao` int(11) NOT NULL AUTO_INCREMENT,
  `descricao` varchar(255) DEFAULT NULL,
  PRIMARY KEY (`cod_transacao`)
) ENGINE=MyISAM AUTO_INCREMENT=3 DEFAULT CHARSET=utf8;

-- Copiando dados para a tabela dalmi603_db.transacao: 2 rows
DELETE FROM `transacao`;
/*!40000 ALTER TABLE `transacao` DISABLE KEYS */;
INSERT INTO `transacao` (`cod_transacao`, `descricao`) VALUES
	(1, 'Venda'),
	(2, 'Aluguel');
/*!40000 ALTER TABLE `transacao` ENABLE KEYS */;

-- Copiando estrutura para tabela dalmi603_db.usuario
CREATE TABLE IF NOT EXISTS `usuario` (
  `cod_usuario` int(11) NOT NULL AUTO_INCREMENT,
  `login` varchar(255) DEFAULT NULL,
  `name` varchar(255) DEFAULT NULL,
  `password` varchar(255) DEFAULT NULL,
  PRIMARY KEY (`cod_usuario`)
) ENGINE=MyISAM AUTO_INCREMENT=2 DEFAULT CHARSET=utf8;

-- Copiando dados para a tabela dalmi603_db.usuario: 1 rows
DELETE FROM `usuario`;
/*!40000 ALTER TABLE `usuario` DISABLE KEYS */;
INSERT INTO `usuario` (`cod_usuario`, `login`, `name`, `password`) VALUES
	(1, 'admin', 'Dalmir Demarch', 'ADMIN');
/*!40000 ALTER TABLE `usuario` ENABLE KEYS */;

/*!40101 SET SQL_MODE=IFNULL(@OLD_SQL_MODE, '') */;
/*!40014 SET FOREIGN_KEY_CHECKS=IF(@OLD_FOREIGN_KEY_CHECKS IS NULL, 1, @OLD_FOREIGN_KEY_CHECKS) */;
/*!40101 SET CHARACTER_SET_CLIENT=@OLD_CHARACTER_SET_CLIENT */;
